"";"cluster";"sequence";"ASV_ID"
"1";29;"ATTCCAGCTCCAATAGCGTATATTTAAGTTGTTGCAGTTAAAAAGCTCGTAGTCGGATTTTGGCTGAGAACGGTCGGTCCGCCGTTAGGTGTGCACTGACTGGTCTCAGCTTCCTGGTGAGGAGGTGTGCTTCATCGCCACTTAGTCACCGTGGTTACTTTGAAAAAATTAGAGTGTTCAAAGCGGGCTTACGCTTGAATATATTAGCATGGAATAACACCATAGGACTCCTGTCCTATTTCGTTGGTCTCGGGACGGGAGTAATGATTAAGAGGAACAGTTGGGGGCATTCGTATTTCATTGTCAGAGGTGAAATTCTTGGATTTATGAAAGACGAACTTCTGCGAAAGCATTTGCCAAGGATGTTTTCATCA";"ASV_1"
"2";29;"ATTCCAGCTCCAATAGCGTATATTTAAGTTGTTGCAGTTAAAAAGCTCGTAGTCGGATTTTGGCTGAGAACGGTCGGTCCGCCGTTAGGTGTGCACTGACTGGTCTCAGCTTCCTGGTGAGGAGGTGTGCTTCATCGCCACTTAGTCACCGTGGTTACTTTGAAAAAATTAGAGTGTTCAAAGCGGGCTTACGCTTGAATATATTAGCATGGAATAACACCATAGGACTCCTGTCCTATTTCGTTGGTCTCGGGACGGGAGTAATGATTAAGAGGAACAGTTGGGGGCATTCGTATTTCATTGTCAGAGGTGAAATTCTTGGATTTATGAAAGACGAACTTCTGCGAAAGCATTTGCCAAGGATGTTTTCATCG";"ASV_2"
"3";29;"ATTCCAGCTCCAATAGCGTATATTTAAGTTGTTGCAGTTAAAAAGCTCGTAGTCGGATTTTGGCTGAGAACGGTCGGTCCGCCGTTAGGTGTGCACTGACTGGTCTCAGCTTCCTGGTGAGGAGGTGTGCTTCATCGCCACTTAGTCACCGTGGTTACTTTGAAAAAATTAGAGTGTTCAAAGCGGGCTTACGCTTGAATATATTAGCATGGAATAACACCATAGGACTCCTGTCCTATTTCGTTGGTCTCGGGACGGGAGTAATGATTAAGAGGAACAGTTGGGGGCATTCGTATTTCATTGTCAGAGGTGAAATTCTTGGATTTATGAAAGACGAACTTCTGCGAAAGCATTTGCCAAGGATGTTTTCATTA";"ASV_4"
"4";27;"ATTCCAGCTCCAATAGCGTATATTTAAGTTGTTGCAGTTAAAAAGCTCGTAGTTGGATTTTGGTTAAGAGGGCGCGGTCGGCCGTTTGGTCTGTACTGCGTTGTCTTGACTTCCTGATGAGGACATGCTCTTGGTTAACGCTGAGACATGGAGTCATCGTGGTTACTTTGAAAAAATTAGAGTGTTCAAAGCGGGCTTACGCTTGAATATATTAGCATGGAATAACACTATAGGACTCCTGTCCTATCTCGTTGGTCTCGGGATGGGAGTAATGATTAAGAGGAACAGTTGGGGGCATTCGTATTTCATTGTCAGAGGTGAAATTCTTGGATTTATGAAAGACGAACTTCTGCGAAAGCATTTGCCAAGGATGTTTTCATCA";"ASV_10"
"5";27;"ATTCCAGCTCCAATAGCGTATATTTAAGTTGTTGCAGTTAAAAAGCTCGTAGTTGGATTTTGGTTAAGAGGGCGCGGTCGGCCGTTTGGTCTGTACTGCGTTGTCTTGACTTCCTGATGAGGACATGCTCTTGGTTAACGCTGAGACATGGAGTCATCGTGGTTACTTTGAAAAAATTAGAGTGTTCAAAGCGGGCTTACGCTTGAATATATTAGCATGGAATAACACTATAGGACTCCTGTCCTATCTCGTTGGTCTCGGGATGGGAGTAATGATTAAGAGGAACAGTTGGGGGCATTCGTATTTCATTGTCAGAGGTGAAATTCTTGGATTTATGAAAGACGAACTTCTGCGAAAGCATTTGCCAAGGATGTTTTCATCG";"ASV_13"
"6";27;"ATTCCAGCTCCAATAGCGTATATTTAAGTTGTTGCAGTTAAAAAGCTCGTAGTTGGATTTTGGTTAAGAGGGCGCGGTCGGCCGTTTGGTCTGTACTGCGTTGTCTTGACTTCCTGATGAGGACATGCTCTTGGTTAACGCTGAGACATGGAGTCATCGTGGTTACTTTGAAAAAATTAGAGTGTTCAAAGCGGGCTTACGCTTGAATATATTAGCATGGAATAACACTATAGGACTCCTGTCCTATCTCGTTGGTCTCGGGATGGGAGTAATGATTAAGAGGAACAGTTGGGGGCATTCGTATTTCATTGTCAGAGGTGAAATTCTTGGATTTATGAAAGACGAACTTCTGCGAAAGCATTTGCCAAGGATGTTTTCATTA";"ASV_14"
"7";26;"ATTCCAGCTCCAATAGCGTATATTTAAGTTGTTGCAGTTAAAAAGCTCGTAGTTGGATTTCGGTTGAGAACGGCCGGTCCGCCGTTTGGTGTGCACTGGCTGGTTTCAACTTCCTGTAGAGGACGCGCTCTGGCTTCATCGCTGGACGCGGAGTCTACGTGGTTACTTTGAAAAAATTAGAGTGTTCAAAGCGGGCTTACGCTTGAATATTTCAGCATGGAATAACACTATAGGACTCCTGTCCTATTTCGTTGGTCTCGGGACGGGAGTAATGATTAAGAGGAACAGTTGGGGGCATTCGTATTTCATTGTCAGAGGTGAAATTCTTGGATTTATGAAAGACGAACTTCTGCGAAAGCATTTGCCAAGGATGTTTTCATCA";"ASV_15"
"8";11;"ATTCCAGCTCCAATAGCGTATATTAAAGTTGTTGCAGTTAAAAAGCTCGTAGTTGGATTTCTGGCGGGAGCGATCGGTCCTTCACTCAGTGTTGGAACCTGATTGTCTCCTACCATCCATGGAGAAAACTTGTCTGGCATTAAGTTGTCGGGTAGGCAATCTCCATCTTTTACTGTGAAAAAATTAGAGTGTTCAAAGCAGGCTTATGCCGTTGAATATATTAGCATGGAATAATAAGATAGGACTATGGTACTATTTTGTTGGTTTGTGCACCATGGTAATGATTAATAGGGACAGTTGGGGGTATTCGTATTCCATTGTCAGAGGTGAAATTCTTGGATTTATGGAAGACGAACTACTGCGAAAGCATTTACCAAGGATGTTTTCATCA";"ASV_18"
"9";23;"ATTCCAGCTCCAATAGCGTATATTTAAGTTGTTGCAGTTAAAAAGCTCGTAGTTGGATTTCGGTTAAGAGCGACCGGTCCGCCGTTTGGTGTGCACTGGTTGGTTTTAACTTCCTGTAGAGGACGTGCTCTGGGCTTAACGGTCTGGACTCGGAGTCTACGTGGTTACTTTGAAAAAATTAGAGTGTTCAAAGCGGGCTTACGCTTGAATATTTCAGCATGGAATAACACTATAGGACTCCTGTCCTATTTCGTTGGTCTCGGGACGGGAGTAATGATTAAGAGGAACAGTTGGGGGCATTCGTATTTCATTGTCAGAGGTGAAATTCTTGGATTTATGAAAGACGAACTTCTGCGAAAGCATTTGCCAAGGATGTTTTCATCA";"ASV_21"
"10";26;"ATTCCAGCTCCAATAGCGTATATTTAAGTTGTTGCAGTTAAAAAGCTCGTAGTTGGATTTCGGTTGAGAACGGCCGGTCCGCCGTTTGGTGTGCACTGGCTGGTTTCAACTTCCTGTAGAGGACGCGCTCTGGCTTCATCGCTGGACGCGGAGTCTACGTGGTTACTTTGAAAAAATTAGAGTGTTCAAAGCGGGCTTACGCTTGAATATTTCAGCATGGAATAACACTATAGGACTCCTGTCCTATTTCGTTGGTCTCGGGACGGGAGTAATGATTAAGAGGAACAGTTGGGGGCATTCGTATTTCATTGTCAGAGGTGAAATTCTTGGATTTATGAAAGACGAACTTCTGCGAAAGCATTTGCCAAGGATGTTTTCATCG";"ASV_23"
"11";26;"ATTCCAGCTCCAATAGCGTATATTTAAGTTGTTGCAGTTAAAAAGCTCGTAGTTGGATTTCGGTTGAGAACGGCCGGTCCGCCGTTTGGTGTGCACTGGCTGGTTTCAACTTCCTGTAGAGGACGCGCTCTGGCTTCATCGCTGGACGCGGAGTCTACGTGGTTACTTTGAAAAAATTAGAGTGTTCAAAGCGGGCTTACGCTTGAATATTTCAGCATGGAATAACACTATAGGACTCCTGTCCTATTTCGTTGGTCTCGGGACGGGAGTAATGATTAAGAGGAACAGTTGGGGGCATTCGTATTTCATTGTCAGAGGTGAAATTCTTGGATTTATGAAAGACGAACTTCTGCGAAAGCATTTGCCAAGGATGTTTTCATTA";"ASV_26"
"12";11;"ATTCCAGCTCCAATAGCGTATATTAAAGTTGTTGCAGTTAAAAAGCTCGTAGTTGGATTTCTGGCGGGAGCGATCGGTCCTTCACTCAGTGTTGGAACCTGATTGTCTCCTACCATCCATGGAGAAAACTTGTCTGGCATTAAGTTGTCGGGTAGGCAATCTCCATCTTTTACTGTGAAAAAATTAGAGTGTTCAAAGCAGGCTTATGCCGTTGAATATATTAGCATGGAATAATAAGATAGGACTATGGTACTATTTTGTTGGTTTGTGCACCATGGTAATGATTAATAGGGACAGTTGGGGGTATTCGTATTCCATTGTCAGAGGTGAAATTCTTGGATTTATGGAAGACGAACTACTGCGAAAGCATTTACCAAGGATGTTTTCATTA";"ASV_28"
"13";20;"ATTCCAGCTCCAATAGCGTATATTTAAGTTGTTGCAGTTAAAAAGCTCGTAGTTGGATTTCGGGCCCAGGTGACCGGTCCGCCGTTTCGGTGTGCACTGGTTAGCTCGGTCTTTCTGCCGGGGACGCGCTCCGTCTTAATTGCCGGACGCGGAGTCGGCGATGTTACTTTGAAAAAATTAGAGTGTTCAAAGCAGGCTTACGCTCTGAATACTATAGCATGGAATAACACGATAGGACTCCGAGCCTATTTTGTTGGTCTTCGGGACCGGAGTAATGATTAAGAGGGACAGTTGGGGGCATTCGTATTACGGTGTCAGAGGTGAAATTCTTGGATTTCCGTAAGACGAACTTCTGCGAAAGCATTTGCCAAGGATGTTTTCATCA";"ASV_29"
"14";19;"ATTCCAGCTCCAATAGCGTATATTTAAGTTGCTGCAGTTAAAAAGCTCGTAGTTGGATTTCGGGTGGGAATGGCCGGTCCGCCGTTTCGGTGTGCACTTGCTACGCCCACCTTGCTGCCGGGGACGTGCTCTTGAGTTCACGCTCGGGACACGGAGTCGGCGAGGTTACTTTGAGTAAATTAGAGTGTTCAAAGCAGGCCTACGCTCTGAATACATTAGCATGGAATAACACGATAGGACTCTGGCCTATCTTGTTGGTCTGTAGGACCGGAGTAATGATTAAGAGGGACAGTCGGGGGCATTCGTATTTCATTGTCAGAGGTGAAATTCTTGGATTTATGAAAGACGAACTACTGCGAAAGCATTTGCCAAGGATGTTTTCATCA";"ASV_30"
"15";25;"ATTCCAGCTCTAATAGCGTATATTAAAGTTGTTGCAGTTAAAAAGCTCGTAGTCGGATGTCGGGCTCGGGCAAGCTGTCGGCCTTTGGTCGGACGGCAGGCTCGGGTCTTTCTGCCTGAGGAACCCGGTTGCTTTAACGAGCTGCCGGTGGACGCAGGTCGTTTACTTTGAAAAAATTAGAGTGTTCAAAGCAGGCTAGCGCTTGAATACATTAGCATGGAATAATGGAATAGGACTTTGGTGCTATTTTGTTGGTTTATGGGACCGAAGTAATGATTAACAGGGACAGTTGGGGCCGTTTATATTTCGTTGTCAGAGGTGAAATTCTTGGATTTACGAAAGATAAACTTCTGCGAAAGCATTCGGCAAGGATGTTTTCATCA";"ASV_31"
"16";23;"ATTCCAGCTCCAATAGCGTATATTTAAGTTGTTGCAGTTAAAAAGCTCGTAGTTGGATTTCGGTTAAGAGCGACCGGTCCGCCGTTTGGTGTGCACTGGTTGGTTTTAACTTCCTGTAGAGGACGTGCTCTGGGCTTAACGGTCTGGACTCGGAGTCTACGTGGTTACTTTGAAAAAATTAGAGTGTTCAAAGCGGGCTTACGCTTGAATATTTCAGCATGGAATAACACTATAGGACTCCTGTCCTATTTCGTTGGTCTCGGGACGGGAGTAATGATTAAGAGGAACAGTTGGGGGCATTCGTATTTCATTGTCAGAGGTGAAATTCTTGGATTTATGAAAGACGAACTTCTGCGAAAGCATTTGCCAAGGATGTTTTCATCG";"ASV_33"
"17";29;"ATTCCAGCTCCAATAGCGTATATTTAAGTTGTTGCAGTTAAAAAGCTCGTAGTCGGATTTTGGCTGAGAACGGTCGGTCCGCCGTTAGGTGTGCACTGACTGGTCTCAGCTTCCTGGTGAGGAGGTGTGCTTTATCGCCACTTAGTCACCGTGGTTACTTTGAAAAAATTAGAGTGTTCAAAGCGGGCTTACGCTTGAATATATTAGCATGGAATAACACCATAGGACTCCTGTCCTATTTCGTTGGTCTCGGGACGGGAGTAATGATTAAGAGGAACAGTTGGGGGCATTCGTATTTCATTGTCAGAGGTGAAATTCTTGGATTTATGAAAGACGAACTTCTGCGAAAGCATTTGCCAAGGATGTTTTCATCA";"ASV_35"
"18";23;"ATTCCAGCTCCAATAGCGTATATTTAAGTTGTTGCAGTTAAAAAGCTCGTAGTTGGATTTCGGTTAAGAGCGACCGGTCCGCCGTTTGGTGTGCACTGGTTGGTTTTAACTTCCTGTAGAGGACGTGCTCTGGGCTTAACGGTCTGGACTCGGAGTCTACGTGGTTACTTTGAAAAAATTAGAGTGTTCAAAGCGGGCTTACGCTTGAATATTTCAGCATGGAATAACACTATAGGACTCCTGTCCTATTTCGTTGGTCTCGGGACGGGAGTAATGATTAAGAGGAACAGTTGGGGGCATTCGTATTTCATTGTCAGAGGTGAAATTCTTGGATTTATGAAAGACGAACTTCTGCGAAAGCATTTGCCAAGGATGTTTTCATTA";"ASV_37"
"19";12;"ATTCCAGCTCCAGAAGCGTATATTAAAGTTGTTGCAGTTAAAACGCTCGTAGTCGGGTTTCGGGTCGGGCCGAGCGGTCTGCCGATGGGTATGCACTGTTTGGCGCGGCCTTCTTTCCGGAGACCGCGGCTACTCTTAACTGAGCGGGCGTGGGAGACGGATCGTTTACTTTGAAAAAATCAGAGTGTTTCAAGCAGGCAGCTCGCTCTTGCATGGTACAGCATGGGATGATTGAATAGGACTCCGGTGCTATTTTGTTGGTTTCGAACACCAGGAGTAATGATTAACAGGGACAGTCAGGGGCACTCGTATTCCGTCGAGAGAGGTGAAATTCTCAGACCAATGGAAGACGAACCACTGCGAAAGCATTTGCCAGGGATGTTTTCATCA";"ASV_38"
"20";3;"ATTCCAGCTCCAATAGCGTATATTAATGTTGTTGCAGTTAAAAAGCTCGTAGTTGGATTCCTGACCTGGGGTAGCCGGTCCGCCTTGCAAAAGGTGCGCACTGAGCGGCCTCGGTCATCCTTGAGAAGAGCGGTCCTGGCATTCAGTTGTCGGGGTCGGGATTCTCGACGTTTACTGTGAAAAAATCAGAGTGTTCAACGCAGGCTTACGCCTTGAATACATTAGCATGGAATAATGAGATAGGACCTTGGCGGTCTATTTTGTTGGTTTGCACGCCGAGGTAATGATTAAAAGGGACGGTTGGGGTTCTTCGTATTCAATTGTCAGAGGTGAAATTCTTGGATTTATGGAAGACGAACTGCTGCGAAAGCGTCGAACAAGGACGTTCTCATCA";"ASV_40"
"21";25;"ATTCCAGCTCTAATAGCGTATATTAAAGTTGTTGCAGTTAAAAAGCTCGTAGTCGGATGTCGGGCTCGGGCAAGCTGTCGGCCTTTGGTCGGACGGCAGGCTCGGGTCTTTCTGCCTGAGGAACCCGGTTGCTTTAACGAGCTGCCGGTGGACGCAGGTCGTTTACTTTGAAAAAATTAGAGTGTTCAAAGCAGGCTAGCGCTTGAATACATTAGCATGGAATAATGGAATAGGACTTTGGTGCTATTTTGTTGGTTTATGGGACCGAAGTAATGATTAACAGGGACAGTTGGGGCCGTTTATATTTCGTTGTCAGAGGTGAAATTCTTGGATTTACGAAAGATAAACTTCTGCGAAAGCATTCGGCAAGGATGTTTTCATCG";"ASV_44"
"22";20;"ATTCCAGCTCCAATAGCGTATATTTAAGTTGTTGCAGTTAAAAAGCTCGTAGTTGGATTTCGGGCCCAGGTGACCGGTCCGCCGTTTCGGTGTGCACTGGTTAGCTCGGTCTTTCTGCCGGGGACGCGCTCCGTCTTAATTGCCGGACGCGGAGTCGGCGATGTTACTTTGAAAAAATTAGAGTGTTCAAAGCAGGCTTACGCTCTGAATACTATAGCATGGAATAACACGATAGGACTCCGAGCCTATTTTGTTGGTCTTCGGGACCGGAGTAATGATTAAGAGGGACAGTTGGGGGCATTCGTATTACGGTGTCAGAGGTGAAATTCTTGGATTTCCGTAAGACGAACTTCTGCGAAAGCATTTGCCAAGGATGTTTTCATCG";"ASV_48"
"23";12;"ATTCCAGCTCCAGAAGCGTATATTAAAGTTGTTGCAGTTAAAACGCTCGTAGTCGGGTTTCGGGTCGGGCCGAGCGGTCTGCCGATGGGTATGCACTGTTTGGCGCGGCCTTCTTTCCGGAGACCGCGGCTACTCTTAACTGAGCGGGCGTGGGAGACGGATCGTTTACTTTGAAAAAATCAGAGTGTTTCAAGCAGGCAGCTCGCTCTTGCATGGTACAGCATGGGATGATTGAATAGGACTCCGGTGCTATTTTGTTGGTTTCGAACACCAGGAGTAATGATTAACAGGGACAGTCAGGGGCACTCGTATTCCGTCGAGAGAGGTGAAATTCTCAGACCAATGGAAGACGAACCACTGCGAAAGCATTTGCCAGGGATGTTTTCATCG";"ASV_49"
"24";25;"ATTCCAGCTCTAATAGCGTATATTAAAGTTGTTGCAGTTAAAAAGCTCGTAGTCGGATGTCGGGCTCGGGCAAGCTGTCGGCCTTTGGTCGGACGGCAGGCTCGGGTCTTTCTGCCTGAGGAACCCGGTTGCTTTAACGAGCTGCCGGTGGACGCAGGTCGTTTACTTTGAAAAAATTAGAGTGTTCAAAGCAGGCTAGCGCTTGAATACATTAGCATGGAATAATGGAATAGGACTTTGGTGCTATTTTGTTGGTTTATGGGACCGAAGTAATGATTAACAGGGACAGTTGGGGCCGTTTATATTTCGTTGTCAGAGGTGAAATTCTTGGATTTACGAAAGATAAACTTCTGCGAAAGCATTCGGCAAGGATGTTTTCATTA";"ASV_50"
"25";19;"ATTCCAGCTCCAATAGCGTATATTTAAGTTGCTGCAGTTAAAAAGCTCGTAGTTGGATTTCGGGTGGGAATGGCCGGTCCGCCGTTTCGGTGTGCACTTGCTACGCCCACCTTGCTGCCGGGGACGTGCTCTTGAGTTCACGCTCGGGACACGGAGTCGGCGAGGTTACTTTGAGTAAATTAGAGTGTTCAAAGCAGGCCTACGCTCTGAATACATTAGCATGGAATAACACGATAGGACTCTGGCCTATCTTGTTGGTCTGTAGGACCGGAGTAATGATTAAGAGGGACAGTCGGGGGCATTCGTATTTCATTGTCAGAGGTGAAATTCTTGGATTTATGAAAGACGAACTACTGCGAAAGCATTTGCCAAGGATGTTTTCATCG";"ASV_51"
"26";29;"ATTCCAGCTCCAATAGCGTATATTTAAGTTGTTGCAGTTAAAAAGCTCGTAGTCGGATTTTGGCTGAGAACGGTCGGTCCGCCGTTAGGTGTGCACTGACTGGTCTCAGCTTCCTGGTGAGGAGGTGTGCTTTATCGCCACTTAGTCACCGTGGTTACTTTGAAAAAATTAGAGTGTTCAAAGCGGGCTTACGCTTGAATATATTAGCATGGAATAACACCATAGGACTCCTGTCCTATTTCGTTGGTCTCGGGACGGGAGTAATGATTAAGAGGAACAGTTGGGGGCATTCGTATTTCATTGTCAGAGGTGAAATTCTTGGATTTATGAAAGACGAACTTCTGCGAAAGCATTTGCCAAGGATGTTTTCATCG";"ASV_52"
"27";3;"ATTCCAGCTCCAATAGCGTATATTAATGTTGTTGCAGTTAAAAAGCTCGTAGTTGGATTCCTGACCTGGGGTAGCCGGTCCGCCTTGCAAAAGGTGCGCACTGAGCGGCCTCGGTCATCCTTGAGAAGAGCGGTCCTGGCATTCAGTTGTCGGGGTCGGGATTCTCGACGTTTACTGTGAAAAAATCAGAGTGTTCAACGCAGGCTTACGCCTTGAATACATTAGCATGGAATAATGAGATAGGACCTTGGCGGTCTATTTTGTTGGTTTGCACGCCGAGGTAATGATTAAAAGGGACGGTTGGGGTTCTTCGTATTCAATTGTCAGAGGTGAAATTCTTGGATTTATGGAAGACGAACTGCTGCGAAAGCGTCGAACAAGGACGTTCTCATCG";"ASV_53"
"28";20;"ATTCCAGCTCCAATAGCGTATATTTAAGTTGTTGCAGTTAAAAAGCTCGTAGTTGGATTTCGGGCCCAGGTGACCGGTCCGCCGTTTCGGTGTGCACTGGTTAGCTCGGTCTTTCTGCCGGGGACGCGCTCCGTCTTAATTGCCGGACGCGGAGTCGGCGATGTTACTTTGAAAAAATTAGAGTGTTCAAAGCAGGCTTACGCTCTGAATACTATAGCATGGAATAACACGATAGGACTCCGAGCCTATTTTGTTGGTCTTCGGGACCGGAGTAATGATTAAGAGGGACAGTTGGGGGCATTCGTATTACGGTGTCAGAGGTGAAATTCTTGGATTTCCGTAAGACGAACTTCTGCGAAAGCATTTGCCAAGGATGTTTTCATTA";"ASV_56"
"29";12;"ATTCCAGCTCCAGAAGCGTATATTAAAGTTGTTGCAGTTAAAACGCTCGTAGTCGGGTTTCGGGTCGGGCCGAGCGGTCTGCCGATGGGTATGCACTGTTTGGCGCGGCCTTCTTTCCGGAGACCGCGGCTACTCTTAACTGAGCGGGCGTGGGAGACGGATCGTTTACTTTGAAAAAATCAGAGTGTTTCAAGCAGGCAGCTCGCTCTTGCATGGTACAGCATGGGATGATTGAATAGGACTCCGGTGCTATTTTGTTGGTTTCGAACACCAGGAGTAATGATTAACAGGGACAGTCAGGGGCACTCGTATTCCGTCGAGAGAGGTGAAATTCTCAGACCAATGGAAGACGAACCACTGCGAAAGCATTTGCCAGGGATGTTTTCATTA";"ASV_58"
"30";19;"ATTCCAGCTCCAATAGCGTATATTTAAGTTGCTGCAGTTAAAAAGCTCGTAGTTGGATTTCGGGTGGGAATGGCCGGTCCGCCGTTTCGGTGTGCACTTGCTACGCCCACCTTGCTGCCGGGGACGTGCTCTTGAGTTCACGCTCGGGACACGGAGTCGGCGAGGTTACTTTGAGTAAATTAGAGTGTTCAAAGCAGGCCTACGCTCTGAATACATTAGCATGGAATAACACGATAGGACTCTGGCCTATCTTGTTGGTCTGTAGGACCGGAGTAATGATTAAGAGGGACAGTCGGGGGCATTCGTATTTCATTGTCAGAGGTGAAATTCTTGGATTTATGAAAGACGAACTACTGCGAAAGCATTTGCCAAGGATGTTTTCATTA";"ASV_59"
"31";15;"ATTCCAGCTCCAATAGCGTATATTTAAGTTGTTGCGGTTAAAAAGCTCGTAGTTGGATTTCGGGCGTGGAGGTTCGGTCCGCCGTTTCGGTGTGCACTGTCTTTCTGCGTCTTTCTGTCGGGGACGCGCTTCTGGCCTTAATTGGCTGGGACGTGGATTCGACGAGGTTACTTTGAAAAAATTAGAGTGTTCAAAGCAAGCTAAAGCTCTGAATACATTAGCATGGAATAACGCGAGAGGACTCGGTCCTTATTTTGTTGGTCTTCAAGGATGGAGTAATGATTAAGAGGGACAGTTGGGGGCATTCGTATTTCATTGCTAGAGGTGAAATTCTTGGATTTATGAAAGACGAACTTCTGCGAAAGCATTTGCCAAGGATGTTTTCATCA";"ASV_60"
"32";3;"ATTCCAGCTCCAATAGCGTATATTAATGTTGTTGCAGTTAAAAAGCTCGTAGTTGGATTCCTGACCTGGGGTAGCCGGTCCGCCTTGCAAAAGGTGCGCACTGAGCGGCCTCGGTCATCCTTGAGAAGAGCGGTCCTGGCATTCAGTTGTCGGGGTCGGGATTCTCGACGTTTACTGTGAAAAAATCAGAGTGTTCAACGCAGGCTTACGCCTTGAATACATTAGCATGGAATAATGAGATAGGACCTTGGCGGTCTATTTTGTTGGTTTGCACGCCGAGGTAATGATTAAAAGGGACGGTTGGGGTTCTTCGTATTCAATTGTCAGAGGTGAAATTCTTGGATTTATGGAAGACGAACTGCTGCGAAAGCGTCGAACAAGGACGTTCTCATTA";"ASV_62"
"33";29;"ATTCCAGCTCCAATAGCGTATATTTAAGTTGTTGCAGTTAAAAAGCTCGTAGTCGGATTTTGGCTGAGAACGGTCGGTCCGCCGTTAGGTGTGCACTGACTGGTCTCAGCTTCCTGGTGAGGAGGTGTGCTTTATCGCCACTTAGTCACCGTGGTTACTTTGAAAAAATTAGAGTGTTCAAAGCGGGCTTACGCTTGAATATATTAGCATGGAATAACACCATAGGACTCCTGTCCTATTTCGTTGGTCTCGGGACGGGAGTAATGATTAAGAGGAACAGTTGGGGGCATTCGTATTTCATTGTCAGAGGTGAAATTCTTGGATTTATGAAAGACGAACTTCTGCGAAAGCATTTGCCAAGGATGTTTTCATTA";"ASV_63"
"34";20;"ATTCCAGCTCCAATAGCGTATATTTAAGTTGTTGCAGTTAAAAAGCTCGTAGTTGGATTTCGGGCCCAGGTGACCGGTCCGCCGTTTCGGTGTGCACTGGTTAGCTCGGTCTTTCTGCCGGGGACGCGCTCCGTCTTGATTGCCGGACGCGGAGTCGGCGATGTTACTTTGAAAAAATTAGAGTGTTCAAAGCAGGCTTACGCTCTGAATACTATAGCATGGAATAACACGATAGGACTCCGAGCCTATTTTGTTGGTCTTCGGGACCGGAGTAATGATTAAGAGGGACAGTTGGGGGCATTCGTATTACGGTGTCAGAGGTGAAATTCTTGGATTTCCGTAAGACGAACTTCTGCGAAAGCATTTGCCAAGGATGTTTTCATCA";"ASV_65"
"35";24;"ATTCCAGCTCTAATAGCGTATATTAAAGTTGTTGCAGTTAAAAAGCTCGTAGTCGGATGTCGGGCTCGGGCAGGCTGTCGGCTTCGGTCGGACGGCAGGCTCGGGTCTTTCTGCCTGAGGATCCCGTTGCACTTAATTGTGGGGCGTGGGGACGCAGGCCGTTTACTTTGAAAAAATTAGAGTGTTCAAAGCAGGCCTACGCTTGAATACATTAGCATGGAATAATGGAATAGGACTTTGGTGCTATTTTGTTGGTTTATGGGACCGAAGTAATGATTAACAGGGACAGTTGGGGCCGTTTATATTTCGTTGTCAGAGGTGAAATTCTTGGATTTACGAAAGATAAACTTCTGCGAAAGCATTCGGCAAGGATGTTTTCATCA";"ASV_66"
"36";51;"ATTCCAGCTCCAATAGCGTATATTAAAGTTGCTGCAGTTAAAAAGCTCGTAGTTGGATTTCTAGCGAGGCACGAGAATATCCACCTATGGTGAATACTTCTCTCGCCTTGCTCTTCTTTAGTTGATGTCTCTGGCATTAAGTTGTCGGGGTCCTGAGACTAATCGTTTACTGTGAGAAAATTAGAGTGTTCAAAGCAGGCTTATGCCGTTGAATATATTAGCATGGAATAATAAGATAGGACTTCGGTACTATTTTGTTGGTTTGCGTACTGATGTAATGATAAATAGGGACTGGCGTGGGTATTCGTATTCTAGTGTCAGAGGTGAAATTCTTAGATTACTGGAAGACGAACTACTGCGAAAGCATTTACCAAGGATGTTTTCATCA";"ASV_71"
"37";8;"ATTCCAGCTCCAATAGCGTATATTAAAGTTGTTGCAGTTAAAAAGCTCGTAGTTGGATTTCTGGTGGGAGCGATCGGTCTGGCGCTTAGCGCGAGTACTTGCATCGTCTCCGGCCATCCTTGGGGAGAGTTTGTCTGGCATTAAGTTGTCGGGCAGAGGATCCTCATCGTTTACTGTGAAAAAATTAGAGTGTTCAAAGCAGGCTTATGCCGTTGAATATATTAGCATGGAATAATAAGATAGGACTTTGGTACTATTTTGTTGGTTTGCGCACCAAAGTAATGATTAATAGGGACAGTTGGGGGTATTCGTATTCCGTTGTCAGAGGTGAAATTCTTGGATTTACGGAAGACGAACTACTGCGAAAGCATTTACCAAGGATGTTTTCATCA";"ASV_77"
"38";20;"ATTCCAGCTCCAATAGCGTATATTTAAGTTGTTGCAGTTAAAAAGCTCGTAGTTGGATTTCGGGCCCAGGTGACCGGTCCGCCGTTTCGGTGTGCACTGGTTAGCTCGGTCTTTCTGCCGGGGACGCGCTCCGTCTTGATTGCCGGACGCGGAGTCGGCGATGTTACTTTGAAAAAATTAGAGTGTTCAAAGCAGGCTTACGCTCTGAATACTATAGCATGGAATAACACGATAGGACTCCGAGCCTATTTTGTTGGTCTTCGGGACCGGAGTAATGATTAAGAGGGACAGTTGGGGGCATTCGTATTACGGTGTCAGAGGTGAAATTCTTGGATTTCCGTAAGACGAACTTCTGCGAAAGCATTTGCCAAGGATGTTTTCATCG";"ASV_78"
"39";3;"ATTCCAGCTCCAATAGCGTATATTAATGTTGTTGCAGTTAAAAAGCTCGTAGTTGGATTCCTGGCACGGGGTAGCCGGTCCGCCTTGCAAAAGGTGCGCACTGAGCGGCCTCGGCCATCCTTGGGAAGAGCGGTCCTGGCATTTAGTTGTCGGGGTCGGGATTCCCGACGTTTACTGTGAAAAAATCAGAGTGTTCAACGCAGGCTTACGCCTTGAATACATTAGCATGGAATAATGAGATAGGACCTTGGCGGTCTATTTTGTTGGTTTGCACGCCGAGGTAATGATTAAAAGGGACGGTTGGGGTTCTTCGTATTCAATTGTCAGAGGTGAAATTCTTGGATTTATGGAAGACGAACTGCTGCGAAAGCGTCGAACAAGGACGTTCTCATCA";"ASV_82"
"40";28;"ATTCCAGCTCTAATAGCGTATATTAAAGTTGTTGCAGTTAAAAAGCTCGTAGTCGGATGTCGGGCTCGGGCAGGCTGTCGGCTTCGGTCGGACGGCAGGCTCGGGTCTTTCTGCCTGAGGATCCATCTCATTCACTTGGGGTGGGGACGCAGGCCGTTTACTTTGAAAAAATTAGAGTGTTCAAAGCAGGCCTACGCTTGAATACATTAGCATGGAATAATGGAATAGGACTTTGGTGCTATTTTGTTGGTTTATGGGACCGAAGTAATGATTAACAGGGACAGTTGGGGCCGTTTATATTTCGTTGTCAGAGGTGAAATTCTTGGATTTACGAAAGATAAACTTCTGCGAAAGCATTCGGCAAGGATGTTTTCATCA";"ASV_83"
"41";15;"ATTCCAGCTCCAATAGCGTATATTTAAGTTGTTGCGGTTAAAAAGCTCGTAGTTGGATTTCGGGCGTGGAGGTTCGGTCCGCCGTTTCGGTGTGCACTGTCTTTCTGCGTCTTTCTGTCGGGGACGCGCTTCTGGCCTTAATTGGCTGGGACGTGGATTCGACGAGGTTACTTTGAAAAAATTAGAGTGTTCAAAGCAAGCTAAAGCTCTGAATACATTAGCATGGAATAACGCGAGAGGACTCGGTCCTTATTTTGTTGGTCTTCAAGGATGGAGTAATGATTAAGAGGGACAGTTGGGGGCATTCGTATTTCATTGCTAGAGGTGAAATTCTTGGATTTATGAAAGACGAACTTCTGCGAAAGCATTTGCCAAGGATGTTTTCATCG";"ASV_84"
"42";20;"ATTCCAGCTCCAATAGCGTATATTTAAGTTGTTGCAGTTAAAAAGCTCGTAGTTGGATTTCGGGCCCAGGTGACCGGTCCGCCGTTTCGGTGTGCACTGGTTAGCTCGGTCTTTCTGCCGGGGACGCGCTCCGTCTTGATTGCCGGACGCGGAGTCGGCGATGTTACTTTGAAAAAATTAGAGTGTTCAAAGCAGGCTTACGCTCTGAATACTATAGCATGGAATAACACGATAGGACTCCGAGCCTATTTTGTTGGTCTTCGGGACCGGAGTAATGATTAAGAGGGACAGTTGGGGGCATTCGTATTACGGTGTCAGAGGTGAAATTCTTGGATTTCCGTAAGACGAACTTCTGCGAAAGCATTTGCCAAGGATGTTTTCATTA";"ASV_86"
"43";24;"ATTCCAGCTCTAATAGCGTATATTAAAGTTGTTGCAGTTAAAAAGCTCGTAGTCGGATGTCGGGCTCGGGCAGGCTGTCGGCTTCGGTCGGACGGCAGGCTCGGGTCTTTCTGCCTGAGGATCCCGTTGCACTTAATTGTGGGGCGTGGGGACGCAGGCCGTTTACTTTGAAAAAATTAGAGTGTTCAAAGCAGGCCTACGCTTGAATACATTAGCATGGAATAATGGAATAGGACTTTGGTGCTATTTTGTTGGTTTATGGGACCGAAGTAATGATTAACAGGGACAGTTGGGGCCGTTTATATTTCGTTGTCAGAGGTGAAATTCTTGGATTTACGAAAGATAAACTTCTGCGAAAGCATTCGGCAAGGATGTTTTCATCG";"ASV_89"
"44";15;"ATTCCAGCTCCAATAGCGTATATTTAAGTTGTTGCGGTTAAAAAGCTCGTAGTTGGATTTCGGGCGTGGAGGTTCGGTCCGCCGTTTCGGTGTGCACTGTCTTTCTGCGTCTTTCTGTCGGGGACGCGCTTCTGGCCTTAATTGGCTGGGACGTGGATTCGACGAGGTTACTTTGAAAAAATTAGAGTGTTCAAAGCAAGCTAAAGCTCTGAATACATTAGCATGGAATAACGCGAGAGGACTCGGTCCTTATTTTGTTGGTCTTCAAGGATGGAGTAATGATTAAGAGGGACAGTTGGGGGCATTCGTATTTCATTGCTAGAGGTGAAATTCTTGGATTTATGAAAGACGAACTTCTGCGAAAGCATTTGCCAAGGATGTTTTCATTA";"ASV_94"
"45";24;"ATTCCAGCTCTAATAGCGTATATTAAAGTTGTTGCAGTTAAAAAGCTCGTAGTCGGATGTCGGGCTCGGGCAGGCTGTCGGCTTCGGTCGGACGGCAGGCTCGGGTCTTTCTGCCTGAGGATCCCGTTGCACTTAATTGTGGGGCGTGGGGACGCAGGCCGTTTACTTTGAAAAAATTAGAGTGTTCAAAGCAGGCCTACGCTTGAATACATTAGCATGGAATAATGGAATAGGACTTTGGTGCTATTTTGTTGGTTTATGGGACCGAAGTAATGATTAACAGGGACAGTTGGGGCCGTTTATATTTCGTTGTCAGAGGTGAAATTCTTGGATTTACGAAAGATAAACTTCTGCGAAAGCATTCGGCAAGGATGTTTTCATTA";"ASV_99"
"46";3;"ATTCCAGCTCCAATAGCGTATATTAATGTTGTTGCAGTTAAAAAGCTCGTAGTTGGATTCCTGGCACGGGGTAGCCGGTCCGCCTTGCAAAAGGTGCGCACTGAGCGGCCTCGGCCATCCTTGGGAAGAGCGGTCCTGGCATTTAGTTGTCGGGGTCGGGATTCCCGACGTTTACTGTGAAAAAATCAGAGTGTTCAACGCAGGCTTACGCCTTGAATACATTAGCATGGAATAATGAGATAGGACCTTGGCGGTCTATTTTGTTGGTTTGCACGCCGAGGTAATGATTAAAAGGGACGGTTGGGGTTCTTCGTATTCAATTGTCAGAGGTGAAATTCTTGGATTTATGGAAGACGAACTGCTGCGAAAGCGTCGAACAAGGACGTTCTCATCG";"ASV_106"
"47";8;"ATTCCAGCTCCAATAGCGTATATTAAAGTTGTTGCAGTTAAAAAGCTCGTAGTTGGATTTCTGGTGGGAGCGATCGGTCTGGCGCTTAGCGCGAGTACTTGCATCGTCTCCGGCCATCCTTGGGGAGAGTTTGTCTGGCATTAAGTTGTCGGGCAGAGGATCCTCATCGTTTACTGTGAAAAAATTAGAGTGTTCAAAGCAGGCTTATGCCGTTGAATATATTAGCATGGAATAATAAGATAGGACTTTGGTACTATTTTGTTGGTTTGCGCACCAAAGTAATGATTAATAGGGACAGTTGGGGGTATTCGTATTCCGTTGTCAGAGGTGAAATTCTTGGATTTACGGAAGACGAACTACTGCGAAAGCATTTACCAAGGATGTTTTCATCG";"ASV_109"
"48";28;"ATTCCAGCTCTAATAGCGTATATTAAAGTTGTTGCAGTTAAAAAGCTCGTAGTCGGATGTCGGGCTCGGGCAGGCTGTCGGCTTCGGTCGGACGGCAGGCTCGGGTCTTTCTGCCTGAGGATCCATCTCATTCACTTGGGGTGGGGACGCAGGCCGTTTACTTTGAAAAAATTAGAGTGTTCAAAGCAGGCCTACGCTTGAATACATTAGCATGGAATAATGGAATAGGACTTTGGTGCTATTTTGTTGGTTTATGGGACCGAAGTAATGATTAACAGGGACAGTTGGGGCCGTTTATATTTCGTTGTCAGAGGTGAAATTCTTGGATTTACGAAAGATAAACTTCTGCGAAAGCATTCGGCAAGGATGTTTTCATCG";"ASV_112"
"49";8;"ATTCCAGCTCCAATAGCGTATATTAAAGTTGTTGCAGTTAAAAAGCTCGTAGTTGGATTTCTGGTGGGAGCGATCGGTCTGGCGCTTAGCGCGAGTACTTGCATCGTCTCCGGCCATCCTTGGGGAGAGTTTGTCTGGCATTAAGTTGTCGGGCAGAGGATCCTCATCGTTTACTGTGAAAAAATTAGAGTGTTCAAAGCAGGCTTATGCCGTTGAATATATTAGCATGGAATAATAAGATAGGACTTTGGTACTATTTTGTTGGTTTGCGCACCAAAGTAATGATTAATAGGGACAGTTGGGGGTATTCGTATTCCGTTGTCAGAGGTGAAATTCTTGGATTTACGGAAGACGAACTACTGCGAAAGCATTTACCAAGGATGTTTTCATTA";"ASV_115"
"50";3;"ATTCCAGCTCCAATAGCGTATATTAATGTTGTTGCAGTTAAAAAGCTCGTAGTTGGATTCCTGGCACGGGGTAGCCGGTCCGCCTTGCAAAAGGTGCGCACTGAGCGGCCTCGGCCATCCTTGGGAAGAGCGGTCCTGGCATTTAGTTGTCGGGGTCGGGATTCCCGACGTTTACTGTGAAAAAATCAGAGTGTTCAACGCAGGCTTACGCCTTGAATACATTAGCATGGAATAATGAGATAGGACCTTGGCGGTCTATTTTGTTGGTTTGCACGCCGAGGTAATGATTAAAAGGGACGGTTGGGGTTCTTCGTATTCAATTGTCAGAGGTGAAATTCTTGGATTTATGGAAGACGAACTGCTGCGAAAGCGTCGAACAAGGACGTTCTCATTA";"ASV_116"
"51";28;"ATTCCAGCTCTAATAGCGTATATTAAAGTTGTTGCAGTTAAAAAGCTCGTAGTCGGATGTCGGGCTCGGGCAGGCTGTCGGCTTCGGTCGGACGGCAGGCTCGGGTCTTTCTGCCTGAGGATCCATCTCATTCACTTGGGGTGGGGACGCAGGCCGTTTACTTTGAAAAAATTAGAGTGTTCAAAGCAGGCCTACGCTTGAATACATTAGCATGGAATAATGGAATAGGACTTTGGTGCTATTTTGTTGGTTTATGGGACCGAAGTAATGATTAACAGGGACAGTTGGGGCCGTTTATATTTCGTTGTCAGAGGTGAAATTCTTGGATTTACGAAAGATAAACTTCTGCGAAAGCATTCGGCAAGGATGTTTTCATTA";"ASV_118"
"52";34;"ATTCCAGCTCCAATAGCGTATATTAAAGTTGTTGCAGTTAAAAAGCTCGTAGTTGGATTTCTGGCAGGAGCGGCCGGTCGCGCACTCTGTGCGTGAACTTGTGCTGTCTCTGGCCATCCTCGGGGAGATCCTATTTGGCATTAAGTTGTCGGGTAGGGGATACCCGTCGTTTACTGTGAAAAAATTAGAGTGTTTAAAGCAGGCTTATGCCGTTGAATATATTAGCATGGAATAATAAGATAGGACTTCGGAACTATTTTGTTGGTTTGCGTTACGAAGTAATGATTAATAGGGACAGTTGGGGGTATTCGTATTTCGTTGTCAGAGGTGAAATTCTTGGATTTCCGAAAGACGAACTACTGCGAAAGCATTTACCAAGGATGTTTTCATCA";"ASV_126"
"53";6;"ATTCCAGCTCCAATAGCGTATATTAAAGTTGTTGCAGTTAAAAAGCTCGTAGTTGGATTTCTGGCAGGAGCGACCGGTCACGCACTCTGTGCGTGAACTTGTGTTGTCTCTGGCCATCCTCGGGGAGATCCTGTTTGGCATTAAGTTGTCGGGCAGGGGATACCCGTCGTTTACTGTGAAAAAATTAGAGTGTTTAAAGCAGGCTTATGCCGTTGAATATATTAGCATGGAATAATAAGATAGGACTTCGGAACTATTTTGTTGGTTTGCGTTACGAAGTAATGATTAATAGGGACAGTTGGGGGTATTCGTATTTCGTTGTCAGAGGTGAAATTCTTGGATTTCCGAAAGACGAACTACTGCGAAAGCATTTACCAAGGATGTTTTCATCA";"ASV_131"
"54";15;"ATTCCAGCTCCAATAGCGTATATTTAAGTTGTTGCGGTTAAAAAGCTCGTAGTTGGATTTCGGGCGTGGAGGTTCGGTCCGCCGTTTCGGTGTGCACTGTCTTTCTGCGTCTTTCTGTCGGGGACGCGCTTCTGGCCTTAATTGGCTGGGACGTGGATTCGACGAGGTTACTTTGAAAAAATTAGAGTGTTCAAAGCAAGCTAAAGCTCTGAATACATTAGCATGGAATAACGCGAGAGGACTCGGTCCTTATTTTGTTGGTCTTCAAGGATGGAGTAATGATTAAGAGGGACAGTTGGGGGCATTCGTATTTCATTGCTAGAGGTGAAATTCTTGGATTTATGAAAGACGAACTTCTGCGAAAGCATTTGCCAAGGATGTTTTCATTG";"ASV_140"
"55";50;"ATTCCAGCTCCAATAGCGTATATTAAAGTTGCTGCAGTTAAAAAGCTCGTAGTTGCATTTCCGAGGCAAGGGATTAGTCCGACCTTTGGTGGGTATTTAATCCTCTTGCCTCGTCCTTGAGTGGTGCTTCTTGGTATTAAGTTATCGAGGAGATAGCCGCTCATCGTTTACTGTGAGAAAATTAGAGTGTTCAAAGCAGGCTTATGCCGTTGAATATATTAGCATGGAATAATAAGATAGGACCTCGGTACTATTTTGTTGGTTTGAGAACCAAGGTAATGATGAATAGGGACAGTTGGGGGTATTCGTATTCAGTTGTCAGAGGTGAAATTCTTAGATTTACGGAAGACGAACTACTGCGAAAGCATTTACCAAGGATGTTTTCATTG";"ASV_144"
"56";4;"ATTCCAGCTCCAATAGCGTATATTAATGTTGTTGCAGTTAAAAAGCTCGTAGTTGGATTCCTGGCACGGGGTAGCCGGTCCGCCTTGCAAAAGGTGCGCACTGAGCGGCCTCGGCCATCCTTGCGATGGTCTATCCTGGCATTCAGTTGTCGGGGTGGGGATTCGCGACGTTTACTGTGAAAAAATCAGAGTGTTCAACGCAGGCTTACGCCTTGAATACATTAGCATGGAATAATGAGATAGGACCTTGGCGGTCTATTTTGTTGGTTTGCACGCCGAGGTAATGATTAAAAGGGACGGTTGGGGTTCTTCGTATTCAATTGTCAGAGGTGAAATTCTTGGATTTATGGAAGACGAACTGCTGCGAAAGCGTCGAACAAGGACGTTCTCATCA";"ASV_152"
"57";3;"ATTCCAGCTCCAATAGCGTATATTAATGTTGTTGCAGTTAAAAAGCTCGTAGTTGGATTCCTGGCACGGGGTAGCCGGTCCGCCTTGCAAAAGGTGCGCACTGAGCGGCCTCGGCCATCCTTGGGAAGAGCGGTCCTGGCATTTAGTTGTCGGGGTCGGGATTCCCGACGTTTACTGTGAAAAAATCAGAGTGTTCAACGCAGGCTTACGCCTTGAATACATTAGCATGGAATAATGAGATAGGACCTTGGCGGTCTATTTTGTTGGTTTGCACGCCGAGGTAATGATTAAAAGGGACGGTTGGGGTTCTTCGTATTCAATTGTCAGAGGTGAAATTCTTGGATTTATGGAAGACGAACTGCTGCGAAAGCGTCGAACAAGGACGTTCTCATTG";"ASV_157"
"58";18;"ATTCCAGCTCTAATAGCGTATATTAATGTTGTTGCAGTTAAAAAGCTCGTAGTTGGATTTTGGTGTTTGACAAATGGTCTGCCTTCGGGTCTGCACTGTTTGTTGGCACTTCTTTTCTGGGGAACTCACTGCTCTTAATTGAGGGGTGCTGTAACGCAGATCGTTTACTTTGAAAAAATTAGAGTGTTCAAAGCAGGCCAACGCATTGAATACATTAGCATGGAATAATGGAATAGGACTTTGGTCTTATTTTGTTGGTTTCTAAGGCCGAGGTAATGATTAATAGGGATAGTTGGGGGCGTTTATATTCCGTTGTCAGAGGTGAAATTCTTGGATTTACGGAAGATAAACTACTGCGAAAGCATTCGCCAAGGATGTTTTCATCA";"ASV_167"
"59";32;"ATTCCAGCTCCAATAGCGTATATTTAAGTTGTTGCAGTTAAAAAGCTCGTAGTTGGATTTCGGGTGTGAACGGCCGGTCCGTCTTTGATGTGTACTGGTTGGTTGCGCCTTATTGTCGAGGACATGTTCTGGCTTTCATTAGCTGGACATGGAGTCGGCAGCGTTACTTTGAGAAAATTAGAGTGTTCAAAGCAGGCTATCGCTCTGAATACTACAGCATGGAATAACACGATAGGACTCCGAGCCTATTCTGTTGGTCTTCGGGACCGGAGTAATGATTAAGAGGGACAGTTGGGGGCATTCGTATTCCGATGTCAGAGGTGAAATTCTTGGATTATCGGAAGACGAACATCTGCGAAAGCATTTGCCAAGGATGTTTTCATCA";"ASV_181"
"60";20;"ATTCCAGCTCCAATAGCGTATATTTAAGTTGTTGCAGTTAAAAAGCTCGTAGTTGGATTTCGGGCCCAGGTGACCGGTCCGCCGTTTCGGTGTGCACTGGTTAGCTCGGTCTTTCTGCCGGGGACACGCTCCGTCTTAATTGCCGGACGTGGAGTCGGCGATGTTACTTTGAAAAAATTAGAGTGTTCAAAGCAGGCTTACGCTCTGAATACTATAGCATGGAATAACACGATAGGACTCCGAGCCTATTTTGTTGGTCTTCGGGACCGGAGTAATGATTAAGAGGGACAGTTGGGGGCATTCGTATTACGGTGTCAGAGGTGAAATTCTTGGATTTCCGTAAGACGAACTTCTGCGAAAGCATTTGCCAAGGATGTTTTCATCA";"ASV_192"
"61";4;"ATTCCAGCTCCAATAGCGTATATTAATGTTGTTGCAGTTAAAAAGCTCGTAGTTGGATTCCTGGCACGGGGTAGCCGGTCCGCCTTGCAAAAGGTGCGCACTGAGCGGCCTCGGCCATCCTTGCGATGGTCTATCCTGGCATTCAGTTGTCGGGGTGGGGATTCGCGACGTTTACTGTGAAAAAATCAGAGTGTTCAACGCAGGCTTACGCCTTGAATACATTAGCATGGAATAATGAGATAGGACCTTGGCGGTCTATTTTGTTGGTTTGCACGCCGAGGTAATGATTAAAAGGGACGGTTGGGGTTCTTCGTATTCAATTGTCAGAGGTGAAATTCTTGGATTTATGGAAGACGAACTGCTGCGAAAGCGTCGAACAAGGACGTTCTCATCG";"ASV_193"
"62";4;"ATTCCAGCTCCAATAGCGTATATTAATGTTGTTGCAGTTAAAAAGCTCGTAGTTGGATTCCTGGCACGGGGTAGCCGGTCCGCCTTGCAAAAGGTGCGCACTGAGCGGCCTCGGCCATCCTTGCGATGGTCTATCCTGGCATTCAGTTGTCGGGGTGGGGATTCGCGACGTTTACTGTGAAAAAATCAGAGTGTTCAACGCAGGCTTACGCCTTGAATACATTAGCATGGAATAATGAGATAGGACCTTGGCGGTCTATTTTGTTGGTTTGCACGCCGAGGTAATGATTAAAAGGGACGGTTGGGGTTCTTCGTATTCAATTGTCAGAGGTGAAATTCTTGGATTTATGGAAGACGAACTGCTGCGAAAGCGTCGAACAAGGACGTTCTCATTA";"ASV_205"
"63";7;"ATTCCAGCTCCAATAGCGTATATTAAAGTTGTTGCAGTTAAAAAGCTCGTAGTTGAATTTCTGGTGGGAGCGATCGGTCCATCCTTCACTGGTTGGAACCTGATTGTCTCCCGCCATCCATGGAGAGAACTTATCTGGCATTAAGTTGTCGGGTTGGCAATCTTCATCTTTTACTGTGAAAAAATTAGAGTGTTCAAAGCAGGCTTATGCCGTTGAATATATTAGCATGGAATAATAAGATAGGACTATGGTACTATTTTGTTGGTTTGTGCACCATGGTAATGATTAATAGGGACAGTTGGGGGTATTCGTATTCCATTGTCAGAGGTGAAATTCTTGGATTTATGGAAGACGAACTACTGCGAAAGCATTTACCAAGGATGTTTTCATCA";"ASV_218"
"64";16;"ATTCCAGCTCCAATAGCGTATATTTAAGTTGTTGCAGTTAAAAAGCTCGTAGTTGGATTTCGGGCGAGGTTGGCCGGTCCTCCGTTTCGGTGTGTACTGGCTGGTTTCGTCTTTTTGTCGAGGACGCGCTTCTGGCCTTTATTGGTCGGGACGCGGAGTCGGCGCAGTTACTTTGAAAAAATTAGAGTGTTCAAAGCGGGCATACGCTTGAATATATTAGCATGGAATAACACGATAGGACTTCTGTTCTATTTTGTTGGTCTTCGGAACGGGAGTAATGATTAAGAGGAACAGTTGGGGGCATTCGTATTTCATTGTCAGAGGTGAAATTCTTGGATTTATGAAAGACGAACTTCTGCGAAAGCATTTGCCAAGGATGTTTTCATCA";"ASV_235"
"65";20;"ATTCCAGCTCCAATAGCGTATATTTAAGTTGTTGCAGTTAAAAAGCTCGTAGTTGGATTTCGGGCCCAGGTGACCGGTCCGCCGTTTCGGTGTGCACTGGTTAGCTCGGTCTTTCTGCCGGGGACACGCTCCGTCTTAATTGCCGGACGTGGAGTCGGCGATGTTACTTTGAAAAAATTAGAGTGTTCAAAGCAGGCTTACGCTCTGAATACTATAGCATGGAATAACACGATAGGACTCCGAGCCTATTTTGTTGGTCTTCGGGACCGGAGTAATGATTAAGAGGGACAGTTGGGGGCATTCGTATTACGGTGTCAGAGGTGAAATTCTTGGATTTCCGTAAGACGAACTTCTGCGAAAGCATTTGCCAAGGATGTTTTCATCG";"ASV_252"
"66";18;"ATTCCAGCTCTAATAGCGTATATTAATGTTGTTGCAGTTAAAAAGCTCGTAGTTGGATTTTGGTGTTTGACAAATGGTCTGCCTTCGGGTCTGCACTGTTTGTTGGCACTTCTTTTCTGGGGAACTCACTGCTCTTAATTGAGGGGTGCTGTAACGCAGATCGTTTACTTTGAAAAAATTAGAGTGTTCAAAGCAGGCCAACGCATTGAATACATTAGCATGGAATAATGGAATAGGACTTTGGTCTTATTTTGTTGGTTTCTAAGGCCGAGGTAATGATTAATAGGGATAGTTGGGGGCGTTTATATTCCGTTGTCAGAGGTGAAATTCTTGGATTTACGGAAGATAAACTACTGCGAAAGCATTCGCCAAGGATGTTTTCATCG";"ASV_255"
"67";7;"ATTCCAGCTCCAATAGCGTATATTAAAGTTGTTGCAGTTAAAAAGCTCGTAGTTGAATTTCTGGTGGGAGCGATCGGTCCATCCTTCACTGGTTGGAACCTGATTGTCTCCCGCCATCCATGGAGAGAACTTATCTGGCATTAAGTTGTCGGGTTGGCAATCTTCATCTTTTACTGTGAAAAAATTAGAGTGTTCAAAGCAGGCTTATGCCGTTGAATATATTAGCATGGAATAATAAGATAGGACTATGGTACTATTTTGTTGGTTTGTGCACCATGGTAATGATTAATAGGGACAGTTGGGGGTATTCGTATTCCATTGTCAGAGGTGAAATTCTTGGATTTATGGAAGACGAACTACTGCGAAAGCATTTACCAAGGATGTTTTCATTA";"ASV_274"
"68";18;"ATTCCAGCTCTAATAGCGTATATTAATGTTGTTGCAGTTAAAAAGCTCGTAGTTGGATTTTGGTGTTTGACAAATGGTCTGCCTTCGGGTCTGCACTGTTTGTTGGCACTTCTTTTCTGGGGAACTCACTGCTCTTAATTGAGGGGTGCTGTAACGCAGATCGTTTACTTTGAAAAAATTAGAGTGTTCAAAGCAGGCCAACGCATTGAATACATTAGCATGGAATAATGGAATAGGACTTTGGTCTTATTTTGTTGGTTTCTAAGGCCGAGGTAATGATTAATAGGGATAGTTGGGGGCGTTTATATTCCGTTGTCAGAGGTGAAATTCTTGGATTTACGGAAGATAAACTACTGCGAAAGCATTCGCCAAGGATGTTTTCATTA";"ASV_276"
"69";4;"ATTCCAGCTCCAATAGCGTATATTAATGTTGTTGCAGTTAAAAAGCTCGTAGTTGGATTCCTGGCACGGGGTAGCCGGTCCGCCTTGCAAAAGGTGCGCACTGAGCGGCCTCGGCCATCCTTGCGATGGTCTATCCTGGCATTCAGTTGTCGGGGTGGGGATTCGCGACGTTTACTGTGAAAAAATCAGAGTGTTCAACGCAGGCTTACGCCTTGAATACATTAGCATGGAATAATGAGATAGGACCTTGGCGGTCTATTTTGTTGGTTTGCACGCCGAGGTAATGATTAAAAGGGACGGTTGGGGTTCTTCGTATTCAATTGTCAGAGGTGAAATTCTTGGATTTATGGAAGACGAACTGCTGCGAAAGCGTCGAACAAGGACGTTCTCATTG";"ASV_298"
"70";20;"ATTCCAGCTCCAATAGCGTATATTTAAGTTGTTGCAGTTAAAAAGCTCGTAGTTGGATTTCGGGCCCAGGTGACCGGTCCGCCGTTTCGGTGTGCACTGGTTAGCTCGGTCTTTCTGCCGGGGACACGCTCCGTCTTAATTGCCGGACGTGGAGTCGGCGATGTTACTTTGAAAAAATTAGAGTGTTCAAAGCAGGCTTACGCTCTGAATACTATAGCATGGAATAACACGATAGGACTCCGAGCCTATTTTGTTGGTCTTCGGGACCGGAGTAATGATTAAGAGGGACAGTTGGGGGCATTCGTATTACGGTGTCAGAGGTGAAATTCTTGGATTTCCGTAAGACGAACTTCTGCGAAAGCATTTGCCAAGGATGTTTTCATTA";"ASV_300"
"71";10;"ATTCCAGCTCCAATAGCGTATACTAAAGTTGTTGCAGTTAAAAAGCTCGTAGTTGAATTTCTGGATGCGAAAGATGGTCGGCACCTCACGGTGTCTGTACTTTTCATTCGCGTCCATCCTCGGGAGGAACGTGTGGGGCTTTAAGTAGTTCTGCTCGGGAATCTCGTCATTTACTGTGAGCAAAATAGAGTGTTCAAAGCAGGCTTATGCCGTTGAATATATTAGCATGGAATAATAAGATACGACTTTGGTCTATTTTGTTGGTTTGCATTCCAAAGTAATGATTAATAGGGATAGTTGGGGGTATTCGTATTCAATTGTCAGAGGTGAAATTCTTGGATTTATGGAAGACGAACTACTGCGAAAGCATTTACCAAGGATGTTTTCATCA";"ASV_314"
"72";14;"ATTCCAGCTCCAATAGCGTATATTAAAGTTGTTGCAGTTAGAACGCTCGTAGTCGGATTTCGGGGCGGGCCGACCGGTCTGCCGATGGGTACGCACTGGTCGGCGCGTCCTTCCTTCCGGAGACCGTGCCTACTCTTAACTGAGCGGGGGCGGGAGACGGATCGTTTACTTTGAAAAAATCAGAGTGTTTCAAGCAGGCAGCTCGCTCTTGCATGGATTAGCATGGGATAATGAAATAGGACTTTGGTGCTATTTTGTTGGTTTCGAACACCGAAGTAATGATTAACAGGGACAGTCAGGGGCACTCGTATTCCGCCGAGAGAGGTGAAATTCTCAGACCAGCGGAAGACGAACCACTGCGAAAGCATTTGCCAGGGATGTTTTCATCA";"ASV_323"
"73";13;"ATTCCAGCTCCAATAGCGTATATTAAAGTTGTTGCAGTTAGAACGCTCGTAGTCGGATTTCGGGGCAGTCCGACCGGTCTGCCGATGGGTATGCACTGGCCGGAGTGTCCTTTTTGCCGGAGACCGTGCCTACTCTTAACTGAGCGGGGGCGGGAGACGGCACTTTTACTTTGAAAAAATCAGAGTGTTTCAAGCAGGCAGCTCGCTCTTGCATGGATTAGCATGGGATAATGAAATAGGACTTTGGTGCTATTTTGTTGGTTTCGAACACCGAAGTAATGATGAGAAGGGACAGTCAGGGGCACTCGTATTCCGCAGAGAGAGGTGAAATTCTCAGACCCGCGGAAGACGAACCACTGCGAAAGCATTTGCCAGGGATGTTTTCATCA";"ASV_353"
"74";29;"ATTCCAGCTCCAATAGCGTATATTTAAGTTGTTGCAGTTAAAAAGCTCGTAGTCGGATTTTGGCTGAGAACGGTCGGTCCGCCGTTAGGTGTGCACTGACTGGTCTCAGCTTCCTGGTGAGGAGGTGTGCTTCATCGCCACTTAGTCACCGTGGTTACTTTGAAAAAATTAGAGTGTTCAAAGCGGGCTTACGCTTGAATATATTAGCATGGAATAACACCATAGGACTCCTGTCCTATTTCGTTGGTCTCGGGACGGGAGTAATGATTAAGAGGAACAGTTGGGGGCATTCGTATTTCATTGTCAGAGGTGAAATTCTTGGATTTGTTAAAGACGGACTACTGCGAAAGCATTTGCCAAGGATGTTTTCATCA";"ASV_359"
"75";20;"ATTCCAGCTCCAATAGCGTATATTTAAGTTGTTGCAGTTAAAAAGCTCGTAGTTGGATTTCGGGCCCAGGCGGCCGGTCCGCCGTTTCGGTGTGCACTGGTCGGCTCGGTCTTTCTGCCGGGGACGCGCTCCGTCTTGACTGCCGGACGCGGAGTCGGCGACGTTACTTTGAAAAAATTAGAGTGTTCAAAGCAGGCTTACGCTCTGAATACTATAGCATGGAATAACACGATAGGACTCCGAGCCTATTTTGTTGGTCTTCGGGACCGGAGTAATGATTAAGAGGGACAGTTGGGGGCATTCGTATTACGGTGTCAGAGGTGAAATTCTTGGATTTCCGTAAGACGAACTTCTGCGAAAGCATTTGCCAAGGATGTTTTCATCA";"ASV_382"
"76";20;"ATTCCAGCTCCAATAGCGTATATTTAAGTTGTTGCAGTTAAAAAGCTCGTAGTTGGATTTCGGGCCTAGGTGACCGGTCCGCCGTTTCGGTGTGCACTGGTTAGCTCGGTCTTTCTGCCGGGGACGCGCTCCGTCTTTATTGCCGGACGCGGAGTCGGCGATGTTACTTTGAAAAAATTAGAGTGTTCAAAGCAGGCTTACGCTCTGAATACTATAGCATGGAATAACACGATAGGACTCCGAGCCTATTTTGTTGGTCTTCGGGACCGGAGTAATGATTAAGAGGGACAGTTGGGGGCATTCGTATTACGGTGTCAGAGGTGAAATTCTTGGATTTCCGTAAGACGAACTTCTGCGAAAGCATTTGCCAAGGATGTTTTCATCA";"ASV_404"
"77";48;"ATTCCAGCTCCAATAGCGTATACTAAAGTTGTTGCAGTTAAAAAGCTCGTAGTTGAATTTCTGGTCGTGGCGACCGGTCCGCCCCTCACGGGGTGTGCACCTGGTCTCTGCGTCCATCCTCGGGGAGAGCGCGTCTGGCATTCAGTTGTCGGGCGCGGGATCCTCGTCATTTACTGTGAGCAAAATAGAGTGTTCAAAGCAGGCTTAGGCCGTTGAATACATTAGCATGGAATAATAAGATAGGACCTTGGTCTATTTTGTTGGTTTGCATTCCAAGGTAATGATTAATAGGGATAGTTGGGGGTATTCGTATTCAATTGTCAGAGGTGAAATTCTTGGATTTATGGAAGACGAACTACTGCGAAAGCATTTACCAAGGATGTTTTCATCA";"ASV_412"
"78";17;"ATTCCAGCTCTAATAGCGTATATTAATGTTGTTGCAGTTAAAAAGCTCGTAGTTGGATTTTGGTGTTCGACAAATGGTCTGCTTCGGTTTGTACTGTTTGTTGGCGCTTCTTTTCTGGGGAACTCACTGCTCTTAACTGAGGGGTGTTGTAACGCAGATCGTTTACTTTGAAAAAATTAGAGTGTTCAAAGCAGGCCAACGCATTTTGAATACATTAGCATGGAATAATGGAATAGGACTTTGGTCTTATTTTGTTGGTTTCTAAGGCCGAGGTAATGATTAATAGGGATAGTTGGGGGCGTTTATATTCCGTTGTCAGAGGTGAAATTCTTGGATTTACGGAAGATAAACTACTGCGAAAGCATTCGCCAAGGATGTTTTCATCA";"ASV_413"
"79";31;"ATTCCAGCTCCAATAGCGTATATTTAAGTTGTTGCAGTTAAAAAGCTCGTAGTTGGATTTCGGATGGGATCTGCCGGTCCGCCTTTGAGGTGTGTACTGGTAGGTCCTATCTTGTTGTCGGGGACTAGCTCCTGGGCTTCACTGTCCGGGACTAGGAGCCGACGAAGTTACTTTGAGTAAATTAGAGTGTTCAAAGCAAGCCTACGCTCTGAATATATTAGCATGGAATAACACGATAGGACTCTGGCTTATCTTGTTGGTCTGTGAGACCAGAGTAATGATTAAGAGGGACAGTCGGGGACATTCGTATTTCATTGTCAGAGGTGAAATTCTTGGATTTATGAAAGACGAACTTCTGCGAAAGCATTTGTCAAGGATGTTTTCATCG";"ASV_443"
"80";49;"ATTCCAGCTCCAATAGCGTATATTAAAGTTGTTGCAGTTAAAAAGCTCGTAGTTGGATTTGTGGTGTACTTCGGCGGCCCGTCACTATGTGATGGAGCTTGCTGAAGTCGCCATCCTTGGGTGGATCCTGTGTGGCATTAAGTTGTCGTGCAGGGGATGCCCATCGTTTACTGTGAAAAAATTAGAGTGTTCAAAGCAGGCTTATGCCGTTGAATATATTAGCATGGAATAATAAGATAGGACCTTGGTACTATTTTGTTGGTTTGCGCACCAAGGTAATGATTAATAGGGACAGTTGGGGGTATTCGTATTTCATTGTCAGAGGTGAAATTCTTGGATTTTTGAAAGACGAACTACTGCGAAAGCATTTACCAAGGATGTTTTCATCA";"ASV_446"
"81";20;"ATTCCAGCTCCAATAGCGTATATTTAAGTTGTTGCAGTTAAAAAGCTCGTAGTTGGATTTCGGGCCTAGGTGACCGGTCCGCCGTTTCGGTGTGCACTGGTTAGCTCGGTCTTTCTGCCGGGGACGCGCTCCGTCTTTATTGCCGGACGCGGAGTCGGCGATGTTACTTTGAAAAAATTAGAGTGTTCAAAGCAGGCTTACGCTCTGAATACTATAGCATGGAATAACACGATAGGACTCCGAGCCTATTTTGTTGGTCTTCGGGACCGGAGTAATGATTAAGAGGGACAGTTGGGGGCATTCGTATTACGGTGTCAGAGGTGAAATTCTTGGATTTCCGTAAGACGAACTTCTGCGAAAGCATTTGCCAAGGATGTTTTCATCG";"ASV_452"
"82";37;"ATTCCAGCTCCAATAGCGTATATTAAAGTTGTTGCAGTTAAAACGCTCGTAGTCGGATTTCGGGGCCTGCCTGCCGGTCTGCCGATGGGTATGCACTGGCAGGCGCGTCCTTCCTTCCGGAGACTGTCCCTACTCTTAACTGAGCGGGGTCGGGAGACGGATCGTTTACTTTGAAAAAATCAGAGTGTTTCAAGCAGGCAGCTCGCTCTTGCATGGATTAGCATGGGATAATGAAATAGGACTTTGGTGCTATTTTGTTGGTTTCGAACACCGAAGTAATGATTAACAGGGACAGTCAGGGGCACTCGTATTCCGCCGAGAGAGGTGAAATTCTCAGACCAGCGGAAGACGAACCACTGCGAAAGCATTTGCCAGGGATGTTTTCATCA";"ASV_455"
"83";39;"ATTCCAGCTCCAATAGCGTATATTAAAGTTGTTGCAGTTAAAAAGCTCGTAGTTGGATTTCTGGTGGGAGCGTTGGGTCGGCCCTAAGGGCTCGTACTCAAATGTTTTCCGCCATCCTTGGAGGGATGTTGTCTGGCATTAAGTTGTCGGGCTTCCGATCTCCATCGTTTACTGTGAAAAAATTAGAGTGTTCAAAGCAGGCTTACGCCGTTGAATACATTAGCATGGAATAATAAGATAGGACCCTGGTACTATTTTGTTGGTTTGCGTACCTAGGTAATGATTAATAGGGACAGTTGGGGGTATTCGTATTCCGTTGTCAGAGGTGAAATTCTTGGATTTACGGAAGACGAACTACTGCGAAAGCATTTACCAAGGATGTTTTCATCA";"ASV_465"
"84";36;"ATTCCAGCTCCAATAGCGTATACTAAAGTTGTTGCAGTTAAAAAGCTCGTAGTTGAATTTCTGGATGCGAAAGATGGTCGGCACCTCACGGTGTCTGCACCTATCATTCGCGTTCATCCTCGGGAGGAACGTGTGGTCTCTTTAGTGAGCCCGCTCGGGAATCTCGTCATTTACTGTGAGCAAAATAGAGTGTTCAAAGCAGGCTTATGCCGTTGAATATATTAGCATGGAATAATAAGATACGACTTTGGTCTATTTTGTTGGTTTGCATTCCAAAGTAATGATTAATAGGGATAGTTGGGGGTATTCGTATTCAATTGTCAGAGGTGAAATTCTTGGATTTATGGAAGACGAACTACTGCGAAAGCATTTACCAAGGATGTTTTCATTA";"ASV_471"
"85";20;"ATTCCAGCTCCAATAGCGTATATTTAAGTTGTTGCAGTTAAAAAGCTCGTAGTTGGATTTCGGGCCCAGGCGGCCGGTCCGCCGTTTCGGTGTGCACTGGTCGGCTCGGTCTTTCTGCCGGGGACGCGCTCCGTCTTGACTGCCGGACGCGGAGTCGGCGACGTTACTTTGAAAAAATTAGAGTGTTCAAAGCAGGCTTACGCTCTGAATACTATAGCATGGAATAACACGATAGGACTCCGAGCCTATTTTGTTGGTCTTCGGGACCGGAGTAATGATTAAGAGGGACAGTTGGGGGCATTCGTATTACGGTGTCAGAGGTGAAATTCTTGGATTTCCGTAAGACGAACTTCTGCGAAAGCATTTGCCAAGGATGTTTTCATCG";"ASV_499"
"86";20;"ATTCCAGCTCCAATAGCGTATATTTAAGTTGTTGCAGTTAAAAAGCTCGTAGTTGGATTTCGGGCCCAGGCGGCCGGTCCGCCGTTTCGGTGTGCACTGGTCGGCTCGGTCTTTCTGCCGGGGACGCGCTCCGTCTTGACTGCCGGACGCGGAGTCGGCGACGTTACTTTGAAAAAATTAGAGTGTTCAAAGCAGGCTTACGCTCTGAATACTATAGCATGGAATAACACGATAGGACTCCGAGCCTATTTTGTTGGTCTTCGGGACCGGAGTAATGATTAAGAGGGACAGTTGGGGGCATTCGTATTACGGTGTCAGAGGTGAAATTCTTGGATTTCCGTAAGACGAACTTCTGCGAAAGCATTTGCCAAGGATGTTTTCATTA";"ASV_501"
"87";3;"ATTCCAGCTCCAATAGCGTATATTAATGTTGTTGCAGTTAAAAAGCTCGTAGTTGGATTCCTGGCCTGGGGTAGCCGGTCCGCCTTGCAAAAGGTGCGCACTGTGCGGCCTCGGCCATCCTTGAGAAGAGCGGTTCTGGCATTCAGTTGTCGGGGTCGGGATTCTCGACGTTTACTGTGAAAAAATCAGAGTGTTCAAAGCAGGCTTACGCCTTGAATACATTAGCATGGAATAATGAGATAGGACCTTGGCGGTCTATTTTGTTGGTTTGCACGCCGAGGTAATGATTAAAAGGGACGGTTGGGGTTCTTCGTATTCAATTGTCAGAGGTGAAATTCTTGGATTTATGGAAGACGAACTGCTGCGAAAGCGTCGAACAAGGACGTTCTCATCA";"ASV_502"
"88";20;"ATTCCAGCTCCAATAGCGTATATTTAAGTTGTTGCAGTTAAAAAGCTCGTAGTTGGATTTCGGGCCTAGGTGACCGGTCCGCCGTTTCGGTGTGCACTGGTTAGCTCGGTCTTTCTGCCGGGGACGCGCTCCGTCTTTATTGCCGGACGCGGAGTCGGCGATGTTACTTTGAAAAAATTAGAGTGTTCAAAGCAGGCTTACGCTCTGAATACTATAGCATGGAATAACACGATAGGACTCCGAGCCTATTTTGTTGGTCTTCGGGACCGGAGTAATGATTAAGAGGGACAGTTGGGGGCATTCGTATTACGGTGTCAGAGGTGAAATTCTTGGATTTCCGTAAGACGAACTTCTGCGAAAGCATTTGCCAAGGATGTTTTCATTA";"ASV_510"
"89";10;"ATTCCAGCTCCAATAGCGTATACTAAAGTTGTTGCAGTTAAAAAGCTCGTAGTTGAATTTCTGGATGCGAAAGATGGTCGGCACCTCACGGTGTCTGTACTTTTCATTCGCGTCCATCCTCGGGAGGAACGTGTGGGGCTTTAAGTAGTTCTGCTCGGGAATCTCGTCATTTACTGTGAGCAAAATAGAGTGTTCAAAGCAGGCTTATGCCGTTGAATATATTAGCATGGAATAATAAGATACGACTTTGGTCTATTTTGTTGGTTTGCATTCCAAAGTAATGATTAATAGGGATAGTTGGGGGTATTCGTATTCAATTGTCAGAGGTGAAATTCTTGGATTTATGGAAGACGAACTACTGCGAAAGCATTTACCAAGGATGTTTTCATTA";"ASV_535"
"90";30;"ATTCCAGCTCCAATAGCGTATACTAAAGTTGTTGCAGTTAAAAAGCTCGTAGTCGAATTCAGACCCGTGTGCGCGGATCGGCTTATCATGGCCCTTGGCGCGCCAGGTCTACTTTTGTCGTTGCGAAGTCTGCTCTTTTGTGGAGGAGACTCGTGAAGCGACATTTTTTACTGTGAACAAAATAGAGTGTTCATGGCAGGCCTTTAGCAAGGCTTAAATACCTCAGCATGGAATAATAGAATAGGACTTCCGGTTCTATTTTGTTGGTTTTTAGAGCCGAAGTAATGATTAATAGGGATAGTTGGGGGCACTCGTACTCCGTTGCCAGAGGTGAAATTCTTGGATTTACGGAAGACGAACAACTGCGAAAGCATCTGCCAAGGATGTTTTCATCA";"ASV_537"
"91";17;"ATTCCAGCTCTAATAGCGTATATTAATGTTGTTGCAGTTAAAAAGCTCGTAGTTGGATTTTGGTGTTCGACAAATGGTCTGCTTCGGTTTGTACTGTTTGTTGGCGCTTCTTTTCTGGGGAACTCACTGCTCTTAACTGAGGGGTGTTGTAACGCAGATCGTTTACTTTGAAAAAATTAGAGTGTTCAAAGCAGGCCAACGCATTTTGAATACATTAGCATGGAATAATGGAATAGGACTTTGGTCTTATTTTGTTGGTTTCTAAGGCCGAGGTAATGATTAATAGGGATAGTTGGGGGCGTTTATATTCCGTTGTCAGAGGTGAAATTCTTGGATTTACGGAAGATAAACTACTGCGAAAGCATTCGCCAAGGATGTTTTCATCG";"ASV_539"
"92";38;"ATTCCAGCTCCAATAGCGTATATTAAAGTTGTTGCAGTTAAAAAGCTCGTAGTTGGATTTCTGGTGGGAGCGTTGGGCCGGCCCTAAGGGTCTGAGCTCAAATGTTTTCCGCCATCCTTGGAGGGATGTTGTCTGGCATTAAGTTGTCGGGCTTCCGATCTCCATCGTTTACTGTGAAAAAATTAGAGTGTTCAAAGCAGGCTTATGCCGTTGAATACATTAGCATGGAATAATAAGATAGGACCTTGGTACTATTTTGTTGGTTTGCGTACCTAGGTAATGATTAATAGGGACAGTTGGGGATATTACTATTTCGTTGTCAGAGGTGAAATTCTTGGATTTACGAAAGAGTAACTACTGCGAAAGCATTTATCAAGGATGTTTTCATCA";"ASV_576"
"93";31;"ATTCCAGCTCCAATAGCGTATATTTAAGTTGTTGCAGTTAAAAAGCTCGTAGTTGGATTTCGGATGGGATCTGCCGGTCCGCCTTTGAGGTGTGTACTGGTAGGTCCTATCTTGTTGTCGGGGACTAGCTCCTGGGCTTCACTGTCCGGGACTAGGAGCCGACGAAGTTACTTTGAGTAAATTAGAGTGTTCAAAGCAAGCCTACGCTCTGAATATATTAGCATGGAATAACACGATAGGACTCTGGCTTATCTTGTTGGTCTGTGAGACCAGAGTAATGATTAAGAGGGACAGTCGGGGACATTCGTATTTCATTGTCAGAGGTGAAATTCTTGGATTTATGAAAGACGAACTTCTGCGAAAGCATTTGTCAAGGATGTTTTCATTA";"ASV_577"
"94";3;"ATTCCAGCTCCAATAGCGTATATTAATGTTGTTGCAGTTAAAAAGCTCGTAGTTGGATTCCTGGCCTGGGGTAGCCGGTCCGCCTTGCAAAAGGTGCGCACTGTGCGGCCTCGGCCATCCTTGAGAAGAGCGGTTCTGGCATTCAGTTGTCGGGGTCGGGATTCTCGACGTTTACTGTGAAAAAATCAGAGTGTTCAAAGCAGGCTTACGCCTTGAATACATTAGCATGGAATAATGAGATAGGACCTTGGCGGTCTATTTTGTTGGTTTGCACGCCGAGGTAATGATTAAAAGGGACGGTTGGGGTTCTTCGTATTCAATTGTCAGAGGTGAAATTCTTGGATTTATGGAAGACGAACTGCTGCGAAAGCGTCGAACAAGGACGTTCTCATTA";"ASV_593"
"95";32;"ATTCCAGCTCCAATAGCGTATATTTAAGTTGTTGCAGTTAAAAAGCTCGTAGTTGGATTTCGGGTGTGAACGACCGGTCCGTCTTTGATGTGTACTGGTTGGTTGCGCCTTATTGTCGAGGACGTGGTTCTGGCTTTCATTAGCTGGGACACGGAGTCGGCAGCGTTACTTTGAGAAAATTAGAGTGTTCAAAGCAGGCTATCGCTCTGAATACTACAGCATGGAATAACACGATAGGACTCCGAGCCTATTCTGTTGGTCTTCGGGACCGGAGTAATGATTAAGAGGGACAGTTGGGGGCATTCGTATTCCGATGTCAGAGGTGAAATTCTTGGATTATCGGAAGACGAACATCTGCGAAAGCATTTGCCAAGGATGTTTTCATCA";"ASV_597"
"96";13;"ATTCCAGCTCCAATAGCGTATATTAAAGTTGTTGCAGTTAGAACGCTCGTAGTCGGATTTCGGGGCAGTCCGACCGGTCTGCCGATGGGTATGCACTGGCCGGAGTGTCCTTTTTGCCGGAGACCGTGCCTACTCTTAACTGAGCGGGGGCGGGAGACGGCACTTTTACTTTGAAAAAATCAGAGTGTTTCAAGCAGGCAGCTCGCTCTTGCATGGATTAGCATGGGATAATGAAATAGGACTTTGGTGCTATTTTGTTGGTTTCGAACACCGAAGTAATGATGAGAAGGGACAGTCAGGGGCACTCGTATTCCGCAGAGAGAGGTGAAATTCTCAGACCCGCGGAAGACGAACCACTGCGAAAGCATTTGCCAGGGATGTTTTCATCG";"ASV_606"
"97";3;"ATTCCAGCTCCAATAGCGTATATTAATGTTGTTGCAGTTAAAAAGCTCGTAGTTGGATTCCTGGCCTGGGGTAGCCGGTCCGCCTTGCAAAAGGTGCGCACTGTGCGGCCTCGGCCATCCTTGAGAAGAGCGGTTCTGGCATTCAGTTGTCGGGGTCGGGATTCTCGACGTTTACTGTGAAAAAATCAGAGTGTTCAAAGCAGGCTTACGCCTTGAATACATTAGCATGGAATAATGAGATAGGACCTTGGCGGTCTATTTTGTTGGTTTGCACGCCGAGGTAATGATTAAAAGGGACGGTTGGGGTTCTTCGTATTCAATTGTCAGAGGTGAAATTCTTGGATTTATGGAAGACGAACTGCTGCGAAAGCGTCGAACAAGGACGTTCTCATCG";"ASV_633"
"98";1;"ATTCCAGCTCCAATAGCGTATATTAAAGTTGTTGCAGTTAAAAAGCTCGTAGTTGGATTTCTGGTGGGGCTGTCGGCCTGGCTCCGAAAGGGGTCGTGGTTAGTACACGCCTGGCCATCCTCGGGGGAAGCTTTGCTGGCATTAAGTTGTCGGCGGAGTGACGCTCGTCGTTTACTGTGAACAAATTAGAGTGTTCAAAGCAGGCTTAGGCCGTTGAATACATTAGCATGGAATAATGAGATAGGACTTTGGTGGTCTATTTTGTTGGTTTGCACGCCGAAGTAATGATTAATAGGGGCGGTTGGGGGTATTCGTATTCAATTGTCAGAGGTGAAATTCTTGGATTTATGGAAGACGAACTACTGCGAAAGCATTTACCAAGGATGTTTTCATCA";"ASV_642"
"99";3;"ATTCCAGCTCCAATAGCGTATATTAATGTTGTTGCAGTTAAAAAGCTCGTAGTTGGATTCCTGGCCTGGGGTAGCCGGTCCGCCTTGCAAAAGGTGCGCACTGAGCGGCCTCGGCCATCCTTGGGAAGAGCAGTCCTGGCATTCAGTTGTCGGGGTTGGGATTCCCGACGTTTACTGTGAAAAAATCAGAGTGTTCAACGCAGGCTTACGCCTTGAATACATTAGCATGGAATAATGAGATAGGACCTTGGCGGTCTATTTTGTTGGTTTGCACGCCGAGGTAATGATTAAAAGGGACGGTTGGGGTTCTTCGTATTCAATTGTCAGAGGTGAAATTCTTGGATTTATGGAAGACGAACTGCTGCGAAAGCGTCGAACAAGGACGTTCTCATCA";"ASV_668"
"100";20;"ATTCCAGCTCCAATAGCGTATATTTAAGTTGTTGCAGTTAAAAAGCTCGTAGTTGGATTTCGGGCCCAGGCGGCCGGTCCGCCGTTTCGGTGTGCACTGGTCGGCTCGGTCTTTCTGCCGGGGACGCGCTCCGTCTTGACTGCCGGACGCGGAGTCGGCGACGTTACTTTGAAAAAATTAGAGTGTTCAAAGCAGGCTTACGCTCTGAATACTATAGCATGGAATAACACGATAGGACTCCGAGCCTATTTTGTTGGTCTTCGGGACCGGAGTAATGATTAAGAGGGACAGTTGGGGGCATTCGTATTACGGTGTCAGAGGTGAAATTCTTGGATTTCCGTAAGACGAACTTCTGCGAAAGCATTTGCCAAGGATGTTTTCATTG";"ASV_690"
"101";20;"ATTCCAGCTCCAATAGCGTATATTTAAGTTGTTGCAGTTAAAAAGCTCGTAGTTGGATTTCGGGCCTAGGTGACCGGTCCGCCGTTTCGGTGTGCACTGGTTAGCTCGGTCTTTCTGCCGGGGACGCGCTCCGTCTTTATTGCCGGACGCGGAGTCGGCGATGTTACTTTGAAAAAATTAGAGTGTTCAAAGCAGGCTTACGCTCTGAATACTATAGCATGGAATAACACGATAGGACTCCGAGCCTATTTTGTTGGTCTTCGGGACCGGAGTAATGATTAAGAGGGACAGTTGGGGGCATTCGTATTACGGTGTCAGAGGTGAAATTCTTGGATTTCCGTAAGACGAACTTCTGCGAAAGCATTTGCCAAGGATGTTTTCATTG";"ASV_722"
"102";9;"ATTCCAGCTCCAATAGCGTATACTAAAGTTGTTGCAGTTAAAAAGCTCGTAGTTGAATTTCTGGTCGTGAAACGTGGTCCGTTCCGCAAGGAATGTGTACTGTCGATTTATGTCCATCCTCGGTGTTAGTATGCATTACTTTAATCGGTCGTGTATACAACCACCGTCATTTACTGTGAGCAAAATAGAGTGTTCAAAGCAGGCTTATGCCGTTGAATATATTAGCATGGAATAATAAGATATGACTTTGGTCTATTTTGTTGGTTTGCACTCCAAAGTAATGATTAATAGGGATAGTTGGGGGTATTCGTATTCAATTGTCAGAGGTGAAATTCTTGGATTTATGGAAGACGAACTACTGCGAAAGCATTTACCAAGGATGTTTTCATCA";"ASV_725"
"103";22;"ATTCCAGCTCCAATAGCGTATATTTAAGTTGTTGCAGTTAAAAAGCTCGTAGTTGGATTTCGGTTGAGAGCGGCCGGTCCGCCGTTTGGTGTGCACTGGCTGGTTTCAGCTTCCTGCAGAGGACGCGCTCTGGGCTTAATCGTCTGGACGTGGAGTCTGCGTGGTTACTTTGAAAAAATTAGAGTGTTCAAAGCGGGCTTACGCTTGAATATTTCAGCATGGAATAACACTATAGGACTCCTGTCCTATTTCGTTGGTCTCGGGACGGGAGTAATGATTAAGAGGAACAGTTGGGGGCATTCGTATTTCATTGTCAGAGGTGAAATTCTTGGATTTATGAAAGACGAACTTCTGCGAAAGCATTTGCCAAGGATGTTTTCATCA";"ASV_736"
"104";17;"ATTCCAGCTCTAATAGCGTATATTAATGTTGTTGCAGTTAAAAAGCTCGTAGTTGGATTTTGGTGTTCGACAAATGGTCTGCTTCGGTTTGTACTGTTTGTTGGCGCTTCTTTTCTGGGGAACTCACTGCTCTTAACTGAGGGGTGTTGTAACGCAGATCGTTTACTTTGAAAAAATTAGAGTGTTCAAAGCAGGCCAACGCATTTTGAATACATTAGCATGGAATAATGGAATAGGACTTTGGTCTTATTTTGTTGGTTTCTAAGGCCGAGGTAATGATTAATAGGGATAGTTGGGGGCGTTTATATTCCGTTGTCAGAGGTGAAATTCTTGGATTTACGGAAGATAAACTACTGCGAAAGCATTCGCCAAGGATGTTTTCATTA";"ASV_783"
"105";52;"ATTCCAGCTCCAATAGCGTATACTAAAGTTGTTGCAGTTAAAAAGCTCGTAGTCGAATTTGGACCCGATCTGTAGGATGACTCAGATGAGTCTTTGGCATATCGGGTCCTATTTTGTCATCACCGGACTCACTCAAAATTGGGTAGTTAGATAGGTGACATTTTTTACTGTGAACAAAATAGAGCGTTCATGGCAGGCCTTTGAAAGGCTTAGATACCTCAGCATGGAATAATAGAATAGGACTTCCGGTTCTATTTTGTTGGTTTTTGGAGCCGAAGTAATGATTAATAGGGATAGTTAGGGGCACTCGTACTCCGTTGTCAGAGGTGAAATTCTTGGATTTACGGAAGACGAACAACTGCGAAAGCATCTGCCAAGGATGTTTTCATCA";"ASV_806"
"106";14;"ATTCCAGCTCCAATAGCGTATATTAAAGTTGTTGCAGTTAGAACGCTCGTAGTCGGATTTCGGGGCGGGCCGACCGGTCTGCCGATGGGTACGCACTGGTCGGCGCGTCCTTCCTTCCGGAGACCGTGCCTACTCTTAACTGAGCGGGGGCGGGAGACGGATCGTTTACTTTGAAAAAATCAGAGTGTTTCAAGCAGGCAGCTCGCTCTTGCATGGATTAGCATGGGATAATGAAATAGGACTTTGGTGCTATTTTGTTGGTTTCGAACACCGAAGTAATGATGAGAAGGGACAGTCAGGGGCACTCGTATTCCGCCGAGAGAGGTGAAATTCTCAGACCAGCGGAAGACGAACCACTGCGAAAGCATTTGCCAGGGATGTTTTCATCA";"ASV_834"
"107";3;"ATTCCAGCTCCAATAGCGTATATTAATGTTGTTGCAGTTAAAAAGCTCGTAGTTGGATTCCTGACCTGGGGTAGCCGGTCCGCCTTGCAAAAGGTGCGCACTGAGCGGCCTCGGTCATCCTTGAGGAGAGCGGTCCTGGCATTCAGTTGTCGGGGTCGGGATTCTCGACGTTTACTGTGAAAAAATCAGAGTGTTCAACGCAGGCTTACGCCTTGAATACATTAGCATGGAATAATGAGATAGGACCTTGGCGGTCTATTTTGTTGGTTTGCACGCCGAGGTAATGATTAAAAGGGACGGTTGGGGTTCTTCGTATTCAATTGTCAGAGGTGAAATTCTTGGATTTATGGAAGACGAACTGCTGCGAAAGCGTCGAACAAGGACGTTCTCATCA";"ASV_835"
"108";35;"ATTCCAGCTCCAATAGCGTATATTAAAGTTGTTGCAGTTAGAACGCTCGTAGTCGGATTTCGGGGCGGTCCGACCGGTCTGCCGATGGGTACGTACTGGTCGGAGCGTCCTTTCTGCCGGAGACCGTGGCTACTCTTAACTGAGCGGTTCCGGGAGACGGCACTTTTACTTTGAAAAAATCAGAGTGTTTCAAGCAGGCAGCTCGCTCTTGCATGGATTAGCATGGGATAATGAAATAGGACTTTGGTGCTATTTTGTTGGTTTCGAACACCGAAGTAATGATGAGAAGGGACAGTCAGGGGCACTCGTATTCCGCCGAGAGAGGTGAAATTCTCAGACCAGCGGAAGACGAACCACTGCGAAAGCATTTGCCAGGGATGTTTTCATCA";"ASV_872"
"109";22;"ATTCCAGCTCCAATAGCGTATATTTAAGTTGTTGCAGTTAAAAAGCTCGTAGTTGGATTTCGGTTGAGAGCGGCCGGTCCGCCGTTTGGTGTGCACTGGCTGGTTTCAGCTTCCTGCAGAGGACGCGCTCTGGGCTTAATCGTCTGGACGTGGAGTCTGCGTGGTTACTTTGAAAAAATTAGAGTGTTCAAAGCGGGCTTACGCTTGAATATTTCAGCATGGAATAACACTATAGGACTCCTGTCCTATTTCGTTGGTCTCGGGACGGGAGTAATGATTAAGAGGAACAGTTGGGGGCATTCGTATTTCATTGTCAGAGGTGAAATTCTTGGATTTATGAAAGACGAACTTCTGCGAAAGCATTTGCCAAGGATGTTTTCATCG";"ASV_885"
"110";22;"ATTCCAGCTCCAATAGCGTATATTTAAGTTGTTGCAGTTAAAAAGCTCGTAGTTGGATTTCGGTTGAGAGCGGCCGGTCCGCCGTTTGGTGTGCACTGGCTGGTTTCAGCTTCCTGCAGAGGACGCGCTCTGGGCTTAATCGTCTGGACGTGGAGTCTGCGTGGTTACTTTGAAAAAATTAGAGTGTTCAAAGCGGGCTTACGCTTGAATATTTCAGCATGGAATAACACTATAGGACTCCTGTCCTATTTCGTTGGTCTCGGGACGGGAGTAATGATTAAGAGGAACAGTTGGGGGCATTCGTATTTCATTGTCAGAGGTGAAATTCTTGGATTTATGAAAGACGAACTTCTGCGAAAGCATTTGCCAAGGATGTTTTCATTA";"ASV_906"
"111";43;"ATTCCAGCTCCAATAGCGTATATTAAAGTTGTTGCAGTTAAAAAGCTCGTAGTTGGATTTCTGGTGAGTTCGTTTGGCCGGCCGTAAAGGTCTGTGCCGAAATGTTATTCGCCATCCTTGGTGTAATCTTGTCCGCCATTAAGTTGTGTGGGCTTGAGGATGCCATCGTTTACTGTGAAAAAATTAGAGTGTTCAAAGCAGGCTTATGCCGTTGAATACATTAGCATGGAATAATAAGATAGGACCCTGGTACTATTTTGTTGGTTTGCGTACCTAGGTAATGATTAATAGGGACAGTTGGGGGTATTTGTATTCCGTTGTCAGAGGTGAAATTCTTGGATTTACGGAAGACAAACTACTGCGAAAGCATTTACCAAGGATGTTTTCATCA";"ASV_910"
"112";6;"ATTCCAGCTCCAATAGCGTATATTAAAGTTGTTGCAGTTAAAAAGCTCGTAGTTGGATTTCTGGCAGGAGCGACCGGTCACACACTCTGTGTGTGAACTTGCGTTGTCTCTGGCCATCCTTGGGAAGATCCTGCTTGGCATTAAGTTGTCGGGCAGGGGATACCCATCGTTTACTGTGAAAAAATTAGAGTGTTTAAAGCAGGCTTATGCCGTTGAATATATTAGCATGGAATAATAAGATAGGACTTCGGAACTATTTTGTTGGTTTGCGTTACGAAGTAATGATTAATAGGGACAGTTGGGGGTATTCGTATTTCGTTGTCAGAGGTGAAATTCTTGGATTTCCGAAAGACGAACTACTGCGAAAGCATTTACCAAGGATGTTTTCATCA";"ASV_946"
"113";6;"ATTCCAGCTCCAATAGCGTATATTAAAGTTGTTGCAGTTAAAAAGCTCGTAGTTGGATTTCTGGCAGGAGTGACCGGTCACGCACTCTGTGCGTGAACTTGTGTTGTCTCTGGCCATCCTTGGGGAGATCCTGTTTGGCATTAAGTTGTCGGGCAGGGGATACCCATCGTTTACTGTGAAAAAATTAGAGTGTTTAAAGCAGGCTTATGCCGTTGAATATATTAGCATGGAATAATAAGATAGGACTTCGGAACTATTTTGTTGGTTTGCGTTACGAAGTAATGATTAATAGGGACAGTTGGGGGTATTCGTATTTCGTTGTCAGAGGTGAAATTCTTGGATTTCCGAAAGACGAACTACTGCGAAAGCATTTACCAAGGATGTTTTCATCA";"ASV_969"
"114";6;"ATTCCAGCTCCAATAGCGTATATTAAAGTTGTTGCAGTTAAAAAGCTCGTAGTTGGATTTCTGGCAGGAGCGACCGGTCACACACTCTGTGTGTGAACTTGTGTTGTCTCTGGCCATCCTTGGGGAGATCCTGTTTGGCATTAAGTTGTCGGGCAGGGGACATCCATCGTTTACTGTGAAAAAATTAGAGTGTTTAAAGCAGGCTTATGCCGTTGAATATATTAGCATGGAATAATAAGATAGGACTTCGGAACTATTTTGTTGGTTTGCGTTACGAAGTAATGATTAATAGGGACAGTTGGGGGTATTCGTATTTCGTTGTCAGAGGTGAAATTCTTGGATTTCCGAAAGACGAACTACTGCGAAAGCATTTACCAAGGATGTTTTCATCA";"ASV_985"
"115";3;"ATTCCAGCTCCAATAGCGTATATTAATGTTGTTGCAGTTAAAAAGCTCGTAGTTGGATTCCTGGCCTGGGGTAGCCGGTCCGCCTTGCAAAAGGTGCGCACTGAGCGGCCTCGGCCATCCTTGGGAAGAGCAGTCCTGGCATTCAGTTGTCGGGGTTGGGATTCCCGACGTTTACTGTGAAAAAATCAGAGTGTTCAACGCAGGCTTACGCCTTGAATACATTAGCATGGAATAATGAGATAGGACCTTGGCGGTCTATTTTGTTGGTTTGCACGCCGAGGTAATGATTAAAAGGGACGGTTGGGGTTCTTCGTATTCAATTGTCAGAGGTGAAATTCTTGGATTTATGGAAGACGAACTGCTGCGAAAGCGTCGAACAAGGACGTTCTCATCG";"ASV_1004"
"116";30;"ATTCCAGCTCCAATAGCGTATACTAAAGTTGTTGCAGTTAAAAAGCTCGTAGTCGAATTCAGACCCGTGTGCGCGGATCGGCTTATCATGGCCCTTGGCGCGCCAGGTCTACTTTTGTCGTTGCGAAGTCTGCTCTTTTGTGGAGGAGACTCGTGAAGCGACATTTTTTACTGTGAACAAAATAGAGTGTTCATGGCAGGCCTTTAGCAAGGCTTAAATACCTCAGCATGGAATAATAGAATAGGACTTCCGGTTCTATTTTGTTGGTTTTTAGAGCCGAAGTAATGATTAATAGGGATAGTTGGGGGCACTCGTACTCCGTTGCCAGAGGTGAAATTCTTGGATTTACGGAAGACGAACAACTGCGAAAGCATCTGCCAAGGATGTTTTCATTG";"ASV_1054"
"117";3;"ATTCCAGCTCCAATAGCGTATATTAATGTTGTTGCAGTTAAAAAGCTCGTAGTTGGATTCCTGACCTGGGGTAGCCGGTCCGCCTTGCAAAAGGTGCGCACTGAGCGGCCTCGGTCATCCTTGAGGAGAGCGGTCCTGGCATTCAGTTGTCGGGGTCGGGATTCTCGACGTTTACTGTGAAAAAATCAGAGTGTTCAACGCAGGCTTACGCCTTGAATACATTAGCATGGAATAATGAGATAGGACCTTGGCGGTCTATTTTGTTGGTTTGCACGCCGAGGTAATGATTAAAAGGGACGGTTGGGGTTCTTCGTATTCAATTGTCAGAGGTGAAATTCTTGGATTTATGGAAGACGAACTGCTGCGAAAGCGTCGAACAAGGACGTTCTCATTA";"ASV_1091"
"118";3;"ATTCCAGCTCCAATAGCGTATATTAATGTTGTTGCAGTTAAAAAGCTCGTAGTTGGATTCCTGACCTGGGGTAGCCGGTCCGCCTTGCAAAAGGTGCGCACTGAGCGGCCTCGGTCATCCTTGAGGAGAGCGGTCCTGGCATTCAGTTGTCGGGGTCGGGATTCTCGACGTTTACTGTGAAAAAATCAGAGTGTTCAACGCAGGCTTACGCCTTGAATACATTAGCATGGAATAATGAGATAGGACCTTGGCGGTCTATTTTGTTGGTTTGCACGCCGAGGTAATGATTAAAAGGGACGGTTGGGGTTCTTCGTATTCAATTGTCAGAGGTGAAATTCTTGGATTTATGGAAGACGAACTGCTGCGAAAGCGTCGAACAAGGACGTTCTCATCG";"ASV_1092"
"119";6;"ATTCCAGCTCCAATAGCGTATATTAAAGTTGTTGCAGTTAAAAAGCTCGTAGTTGGATTTCTGGCAGGAGCGACCGGTCACACACTCTGTGTGTGAACTTGCGTTGTCTCTGGCCATCCTTGGGAAGATCCTGCTTGGCATTAAGTTGTCGGGCAGGGGATACCCATCGTTTACTGTGAAAAAATTAGAGTGTTTAAAGCAGGCTTATGCCGTTGAATATATTAGCATGGAATAATAAGATAGGACTTCGGAACTATTTTGTTGGTTTGCGTTACGAAGTAATGATTAATAGGGACAGTTGGGGGTATTCGTATTTCGTTGTCAGAGGTGAAATTCTTGGATTTCCGAAAGACGAACTACTGCGAAAGCATTTACCAAGGATGTTTTCATCG";"ASV_1152"
"120";26;"ATTCCAGCTCCAATAGCGTATATTTAAGTTGTTGCAGTTAAAAAGCTCGTAGTTGGATTTCGGTTGAGAACGGCCGGTCCGCCGTTTGGTGTGCACTGGCTGGTTTCAACTTCCTGTAGAGGACGCGCTCTGGCTTCACGGCTGGACGCGGAGTCTACGTGGTTACTTTGAAAAAATTAGAGTGTTCAAAGCGGGCTTACGCTTGAATATTTCAGCATGGAATAACACTATAGGACTCCTGTCCTATTTCGTTGGTCTCGGGACGGGAGTAATGATTAAGAGGAACAGTTGGGGGCATTCGTATTTCATTGTCAGAGGTGAAATTCTTGGATTTATGAAAGACGAACTTCTGCGAAAGCATTTGCCAAGGATGTTTTCATCA";"ASV_1153"
"121";3;"ATTCCAGCTCCAATAGCGTATATTAATGTTGTTGCAGTTAAAAAGCTCGTAGTTGGATTCCTGGCCTGGGGTAGCCGGTCCGCCTTGCAAAAGGTGCGCACTGAGCGGCCTCGGCCATCCTTGGGAAGAGCAGTCCTGGCATTCAGTTGTCGGGGTTGGGATTCCCGACGTTTACTGTGAAAAAATCAGAGTGTTCAACGCAGGCTTACGCCTTGAATACATTAGCATGGAATAATGAGATAGGACCTTGGCGGTCTATTTTGTTGGTTTGCACGCCGAGGTAATGATTAAAAGGGACGGTTGGGGTTCTTCGTATTCAATTGTCAGAGGTGAAATTCTTGGATTTATGGAAGACGAACTGCTGCGAAAGCGTCGAACAAGGACGTTCTCATTA";"ASV_1164"
"122";6;"ATTCCAGCTCCAATAGCGTATATTAAAGTTGTTGCAGTTAAAAAGCTCGTAGTTGGATTTCTGGCAGGAGCGACCGGTCACGCACTCTGTGTGTGAACTTGCGTTGTCTCTGGCCATCCTCGGGGAGATCCTGTTTGGCATTAAGTTGTCGGGCAGGGGATACCCGTCGTTTACTGTGAAAAAATTAGAGTGTTTAAAGCAGGCTTATGCCGTTGAATATATTAGCATGGAATAATAAGATAGGACTTCGGAACTATTTTGTTGGTTTGCGTTACGAAGTAATGATTAATAGGGACAGTTGGGGGTATTCGTATTTCGTTGTCAGAGGTGAAATTCTTGGATTTCCGAAAGACGAACTACTGCGAAAGCATTTACCAAGGATGTTTTCATCG";"ASV_1166"
"123";6;"ATTCCAGCTCCAATAGCGTATATTAAAGTTGTTGCAGTTAAAAAGCTCGTAGTTGGATTTCTGGCAGGAGCGACCGGTCACACACTCTGTGTGTGAACTTGTGTTGTCTCTGGCCATCCTTGGGGAGATCCTGTTTGGCATTAAGTTGTCGGGCAGGGGACATCCATCGTTTACTGTGAAAAAATTAGAGTGTTTAAAGCAGGCTTATGCCGTTGAATATATTAGCATGGAATAATAAGATAGGACTTCGGAACTATTTTGTTGGTTTGCGTTACGAAGTAATGATTAATAGGGACAGTTGGGGGTATTCGTATTTCGTTGTCAGAGGTGAAATTCTTGGATTTCCGAAAGACGAACTACTGCGAAAGCATTTACCAAGGATGTTTTCATCG";"ASV_1171"
"124";26;"ATTCCAGCTCCAATAGCGTATATTTAAGTTGTTGCAGTTAAAAAGCTCGTAGTTGGATTTCGGTTGAGAACGGCCGGTCCGCCGTTTGGTGTGCACTGGCTGGTTTCAACTTCCTGTAGAGGACGCGCTCTGGCTTCACGGCTGGACGCGGAGTCTACGTGGTTACTTTGAAAAAATTAGAGTGTTCAAAGCGGGCTTACGCTTGAATATTTCAGCATGGAATAACACTATAGGACTCCTGTCCTATTTCGTTGGTCTCGGGACGGGAGTAATGATTAAGAGGAACAGTTGGGGGCATTCGTATTTCATTGTCAGAGGTGAAATTCTTGGATTTATGAAAGACGAACTTCTGCGAAAGCATTTGCCAAGGATGTTTTCATCG";"ASV_1173"
"125";9;"ATTCCAGCTCCAATAGCGTATACTAAAGTTGTTGCAGTTAAAAAGCTCGTAGTTGAATTTCTGGTCGTGAAACGTGGTCCGTTCCGCAAGGAATGTGTACTGTCGATTTATGTCCATCCTCGGTGTTAGTATGCATTACTTTAATCGGTCGTGTATACAACCACCGTCATTTACTGTGAGCAAAATAGAGTGTTCAAAGCAGGCTTATGCCGTTGAATATATTAGCATGGAATAATAAGATATGACTTTGGTCTATTTTGTTGGTTTGCACTCCAAAGTAATGATTAATAGGGATAGTTGGGGGTATTCGTATTCAATTGTCAGAGGTGAAATTCTTGGATTTATGGAAGACGAACTACTGCGAAAGCATTTACCAAGGATGTTTTCATCG";"ASV_1218"
"126";1;"ATTCCAGCTCCAATAGCGTATATTAAAGTTGTTGCAGTTAAAAAGCTCGTAGTTGGATTTCTGGTGGGGCTGTCGGCCTGGCTCCGAAAGGGGTCGTGGTTAGTACACGCCTGGCCATCCTCGGGGGAAGCTTTGCTGGCATTAAGTTGTCGGCGGAGTGACGCTCGTCGTTTACTGTGAACAAATTAGAGTGTTCAAAGCAGGCTTAGGCCGTTGAATACATTAGCATGGAATAATGAGATAGGACTTTGGTGGTCTATTTTGTTGGTTTGCACGCCGAAGTAATGATTAATAGGGGCGGTTGGGGGTATTCGTATTCAATTGTCAGAGGTGAAATTCTTGGATTTATGGAAGACGAACTACTGCGAAAGCATTTACCAAGGATGTTTTCATCG";"ASV_1231"
"127";13;"ATTCCAGCTCCAATAGCGTATATTAAAGTTGTTGCAGTTAGAACGCTCGTAGTCGGATTTCGGGGCAGTCCGACCGGTCTGCCGATGGGTATGCACTGGCCGGAGTGTCCTTTTTGCCGGAGACCGTGCCTACTCTTAACTGAGCGGGGGCGGGAGACGGCACTTTTACTTTGAAAAAATCAGAGTGTTTCAAGCAGGCAGCTCGCTCTTGCATGGATTAGCATGGGATAATGAAATAGGACTTTGGTGCTATTTTGTTGGTTTCGAACACCGAAGTAATGATGAGAAGGGACAGTCAGGGGCACTCGTATTCCGCCGAGAGAGGTGAAATTCTCAGACCAGCGGAAGACGAACCACTGCGAAAGCATTTGCCAGGGATGTTTTCATCA";"ASV_1241"
"128";6;"ATTCCAGCTCCAATAGCGTATATTAAAGTTGTTGCAGTTAAAAAGCTCGTAGTTGGATTTCTGGCAGGAGCGACCGGTCACACACTCTGTGTGTGAACTTGTGTTGTCTCTGGCCATCCTTGGGGAGATCCTGTTTGGCATTAAGTTGTCGGGCAGGGGACATCCATCGTTTACTGTGAAAAAATTAGAGTGTTTAAAGCAGGCTTATGCCGTTGAATATATTAGCATGGAATAATAAGATAGGACTTCGGAACTATTTTGTTGGTTTGCGTTACGAAGTAATGATTAATAGGGACAGTTGGGGGTATTCGTATTTCGTTGTCAGAGGTGAAATTCTTGGATTTCCGAAAGACGAACTACTGCGAAAGCATTTACCAAGGATGTTTTCATTG";"ASV_1249"
"129";40;"ATTCCAGCTCCAATAGCGTATATTAAAGTTGTTGCAGTTAAAAAGCTCGTAGTCGGATTTCGGGGCGGGGCGACCGGTCTGCCGATGGGTATGCACTGGTCGGCGCGTCCTTCCTTCCGGAGACCGTGCCTACTCTTAACTGAGCGGGGGCGGGAGACGGATCGTTTACTTTGAAAAAATCAGAGTGTTTCAAGCAGGCGTCTCGCCTTTGCATGGATTAGCATGGGATAATGAAATAGGACTTTGGTGCTATTTTGTTGGTTTCGAACACCGAAGTAATGATTAACAGGGACAGTCAGGGGCACTCGTATTCCGTCGAGAGAGGTGAAATTCTCAGACCAATGGAAGACGAACAACTGCGAAAGCATTTGCCAGGGATGTTTTCATCA";"ASV_1254"
"130";2;"ATTCCAGCTCCAATAGCGTATATTAAAGTTGTTGCAGTTAAAAAGCTCGTAGTTGGATTTCTGGTGGGGCTGTCGGCCTGGCTCCGAAAGGGGTCGTGGCTTGTACACGCCTGGCCATCCTCGGGGGAAGCTCTTCTGCTCTTAATTGAGTGGGGAGTGACGCTCGTCGTTTACTGTGAACAAATTAGAGTGTTCAAAGCAGGCTTAGGCCGTTGAATACATTAGCATGGAATAATGAGATAGGACTTTGGTGGTCTATTTTGTTGGTTTGCACGCCGAAGTAATGATTAATAGGGGCGGTTGGGGGTATTCGTATTCAATTGTCAGAGGTGAAATTCTTGGATTTATGGAAGACGAACTACTGCGAAAGCATTTACCAAGGATGTTTTCATCA";"ASV_1295"
"131";5;"ATTCCAGCTCCAATAGCGTATATTAAAGTTGTTGCAGTTAAAAAGCTCGTAGTTGGATTTCTGGTGGGAGCGGTCGGTGCGGTCCTCAGGATTGCTACTCGTACCGTCTCTCGCCATCCTTGGGTCGATCCTGTCTGGCATTAAGTTGTCGGGCAGGGGATGCCCATCGTTTACTGTGAAAAAATTAGAGTGTTCAAAGCAGGCTTATGCCGTTGAATATATTAGCATGGAATAATAAGATAGGACTTTGGTACTATTTTGTTGGTTTGCGCACCAAAGTAATGATTAATAGGGACAGTTGGGGGTATTCGTATTCCGTTGTCAGAGGTGAAATTCTTGGATTTACGGAAGACGAACTACTGCGAAAGCATTTACCAAGGATGTTTTCATCA";"ASV_1312"
"132";14;"ATTCCAGCTCCAATAGCGTATATTAAAGTTGTTGCAGTTAGAACGCTCGTAGTCGGATTTCGGGGCGGGCCGACCGGTCTGCCGATGGGTACGCACTGGTCGGCGCGTCCTTCCTTCCGGAGACCGTGCCTACTCTTAACTGAGCGGGGGCGGGAGACGGATCGTTTACTTTGAAAAAATCAGAGTGTTTCAAGCAGGCAGCTCGCTCTTGCATGGATTAGCATGGGATAATGAAATAGGACTTTGGTGCTATTTTGTTGGTTTCGAACACCGAAGTAATGATGAGAAGGGACAGTCAGGGGCACTCGTATTCCGCCGAGAGAGGTGAAATTCTCAGACCAGCGGAAGACGAACCACTGCGAAAGCATTTGCCAGGGATGTTTTCATTA";"ASV_1317"
"133";3;"ATTCCAGCTCCAATAGCGTATATTAATGTTGTTGCAGTTAAAAAGCTCGTAGTTGGATTCCTGGCCTGGGGTAGCCGGTCCGCCTTGCAAAAGGTGCGCACTGAGCGGCCTCGGCCATCCTTGGGAAGAGCAGTCCTGGCATTCAGTTGTCGGGGTTGGGATTCCCGACGTTTACTGTGAAAAAATCAGAGTGTTCAACGCAGGCTTACGCCTTGAATACATTAGCATGGAATAATGAGATAGGACCTTGGCGGTCTATTTTGTTGGTTTGCACGCCGAGGTAATGATTAAAAGGGACGGTTGGGGTTCTTCGTATTCAATTGTCAGAGGTGAAATTCTTGGATTTATGGAAGACGAACTGCTGCGAAAGCGTCGAACAAGGACGTTCTCATTG";"ASV_1347"
"134";22;"ATTCCAGCTCCAATAGCGTATATTTAAGTTGTTGCAGTTAAAAAGCTCGTAGTTGGATTTCGGTTGAGAGCGGCCGGTCCGCCGTTTGGTGTGCACTGGCTGGTTTCAGCTTCCTGCAGAGGACGCGCTCTGGGCTTAATCGTCTGGACGTGGAGTCTGCGTGGTTACTTTGAAAAAATTAGAGTGTTCAAAGCGGGCTTACGCTTGAATATTTCAGCATGGAATAACACTATAGGACTCCTGTCCTATTTCGTTGGTCTCGGGACGGGAGTAATGATTAAGAGGAACAGTTGGGGGCATTCGTATTTCATTGTCAGAGGTGAAATTCTTGGATTTATGAAAGACGAACTTCTGCGAAAGCATTTGCCAAGGATGTTTTCATTG";"ASV_1363"
"135";9;"ATTCCAGCTCCAATAGCGTATACTAAAGTTGTTGCAGTTAAAAAGCTCGTAGTTGAATTTCTGGTCGTGAAACGTGGTCCGTTCCGCAAGGAATGTGTACTGTCGATTTATGTCCATCCTCGGTGTTAGTATGCATTACTTTAATCGGTCGTGTATACAACCACCGTCATTTACTGTGAGCAAAATAGAGTGTTCAAAGCAGGCTTATGCCGTTGAATATATTAGCATGGAATAATAAGATATGACTTTGGTCTATTTTGTTGGTTTGCACTCCAAAGTAATGATTAATAGGGATAGTTGGGGGTATTCGTATTCAATTGTCAGAGGTGAAATTCTTGGATTTATGGAAGACGAACTACTGCGAAAGCATTTACCAAGGATGTTTTCATTA";"ASV_1364"
"136";32;"ATTCCAGCTCCAATAGCGTATATTTAAGTTGTTGCAGTTAAAAAGCTCGTAGTTGGATTTCGGGTGTGAACGACCGGTCCGTCTTTGATGTGTACTGGTTGGTTGCGCCTTATTGTCGAGGACGTGGTTCTAGCTTTCATTAGCCGGGACACGGAGTCGGCAGCGTTACTTTGAGAAAATTAGAGTGTTCAAAGCAGGCTATCGCTCTGAATACTACAGCATGGAATAACACGATAGGACTCCGAGCCTATTCTGTTGGTCTTCGGGACCGGAGTAATGATTAAGAGGGACAGTTGGGGGCATTCGTATTCCGATGTCAGAGGTGAAATTCTTGGATTATCGGAAGACGAACATCTGCGAAAGCATTTGCCAAGGATGTTTTCATCA";"ASV_1388"
"137";3;"ATTCCAGCTCCAATAGCGTATATTAATGTTGTTGCAGTTAAAAAGCTCGTAGTTGGATTCCTGACCTGGGGTAGCCGGTCCGCCTTGCAAAAGGTGCGCACTGAGCGGCCTCGGTCATCCTTGAGGAGAGCGGTCCTGGCATTCAGTTGTCGGGGTCGGGATTCTCGACGTTTACTGTGAAAAAATCAGAGTGTTCAACGCAGGCTTACGCCTTGAATACATTAGCATGGAATAATGAGATAGGACCTTGGCGGTCTATTTTGTTGGTTTGCACGCCGAGGTAATGATTAAAAGGGACGGTTGGGGTTCTTCGTATTCAATTGTCAGAGGTGAAATTCTTGGATTTATGGAAGACGAACTGCTGCGAAAGCGTCGAACAAGGACGTTCTCATTG";"ASV_1403"
"138";14;"ATTCCAGCTCCAATAGCGTATATTAAAGTTGTTGCAGTTAGAACGCTCGTAGTCGGATTTCGGGGCGGGCCGACCGGTCTGCCGATGGGTACGCACTGGTCGGCGCGTCCTTCCTTCCGGAGACCGTGCCTACTCTTAACTGAGCGGGGGCGGGAGACGGATCGTTTACTTTGAAAAAATCAGAGTGTTTCAAGCAGGCAGCTCGCTCTTGCATGGATTAGCATGGGATAATGAAATAGGACTTTGGTGCTATTTTGTTGGTTTCGAACACCGAAGTAATGATGAGAAGGGACAGTCAGGGGCACTCGTATTCCGCCGAGAGAGGTGAAATTCTCAGACCAGCGGAAGACGAACCACTGCGAAAGCATTTGCCAGGGATGTTTTCATCG";"ASV_1405"
"139";5;"ATTCCAGCTCCAATAGCGTATATTAAAGTTGTTGCAGTTAAAAAGCTCGTAGTTGGATTTCTGGTGGGAGCGGTCGGTGCGGTCCTCAGGATTGCTACTCGTACCGTCTCTCGCCATCCTTGGGTCGATCCTGTCTGGCATTAAGTTGTCGGGCAGGGGATGCCCATCGTTTACTGTGAAAAAATTAGAGTGTTCAAAGCAGGCTTATGCCGTTGAATATATTAGCATGGAATAATAAGATAGGACTTTGGTACTATTTTGTTGGTTTGCGCACCAAAGTAATGATTAATAGGGACAGTTGGGGGTATTCGTATTCCGTTGTCAGAGGTGAAATTCTTGGATTTACGGAAGACGAACTACTGCGAAAGCATTTACCAAGGATGTTTTCATTA";"ASV_1431"
"140";26;"ATTCCAGCTCCAATAGCGTATATTTAAGTTGTTGCAGTTAAAAAGCTCGTAGTTGGATTTCGGTTGAGAACGGCCGGTCCGCCGTTTGGTGTGCACTGGCTGGTTTCAACTTCCTGTAGAGGACGCGCTCTGGCTTCACGGCTGGACGCGGAGTCTACGTGGTTACTTTGAAAAAATTAGAGTGTTCAAAGCGGGCTTACGCTTGAATATTTCAGCATGGAATAACACTATAGGACTCCTGTCCTATTTCGTTGGTCTCGGGACGGGAGTAATGATTAAGAGGAACAGTTGGGGGCATTCGTATTTCATTGTCAGAGGTGAAATTCTTGGATTTATGAAAGACGAACTTCTGCGAAAGCATTTGCCAAGGATGTTTTCATTA";"ASV_1436"
"141";42;"ATTCCAGCTCCAATAGCGTATATTAAAGTTGTTGCAGTTAAAAAGCTCGTAGTTGGATTTCTGGTGGGGACGTTTGGCCGGCCGTAACGGTTTGCGCTGAAATGTTCTTCGCCATCCTTGACGAATACTGGTTCGCCATTAAGTTGTGTGGGCTTGGAGTCGTCATCGTTTACTGTGAAAAAATTAGAGTGTTCAAAGCAGGCTTATGCCGTTGAATACATTAGCATGGAATAATAAGATAGGACCCTGGTACTATTTTGTTGGTTTGCGTACCTAGGTAATGATTAATAGGGACAGTTGGGGGTATTTGTATTCCGTTGTCAGAGGTGAAATTCTTGGATTTACGGAAGACAAACTACTGCGAAAGCATTTACCAAGGATGTTTTCATCA";"ASV_1480"
"142";21;"ATTCCAGCTCTAATAGCGTATATTAAAGTTGTTGCAGTTAAAAAGCTCGTAGTCGGATGTCGGGCTCGGGGAGGCTGTCGGCCTTCGGTCGGACGGCATGTCCGGGCCTTTCTGCCTGGGGATCCTACTCTACTTAACTGTAGGGTAGTGGGACGCAGGCCGTTTACTTTGAAAAAATTAGAGTGTTCAAAGCAGGCCTACGCTTGAATACATTAGCATGGAATAATGGAATAGGACTTTGGTGCTATTTTGTTGGTTTATGGGACCGAAGTAATGATTAACAGGGACAGTTGGGGCCGTTTATATTTCGTTGTCAGAGGTGAAATTCTTGGATTTACGAAAGATAAACTTCTGCGAAAGCATTCGGCAAGGATGTTTTCATCA";"ASV_1560"
"143";1;"ATTCCAGCTCCAATAGCGTATATTAAAGTTGTTGCAGTTAAAAAGCTCGTAGTTGGATTTCTGGTGGGGCTGTCGGCCTGGCTCCGAAAGGGGTCGGCGCTTGTACACGCCTGGCCATCCTCGGGGGAAGCTTTGCTGGCATTAGGTTGTCGGCGGAGTGACGCTCGTCGTTTACTGTGAACAAATTAGAGTGTTCAAAGCAGGCTTAGGCCGTTGAATACATTAGCATGGAATAATGAGATAGGACTTTGGTGGTCTATTTTGTTGGTTTGCACGCCGAAGTAATGATTAATAGGGGCGGTTGGGGGTATTCGTATTCAATTGTCAGAGGTGAAATTCTTGGATTTATGGAAGACGAACTACTGCGAAAGCATTTACCAAGGATGTTTTCATCA";"ASV_1631"
"144";13;"ATTCCAGCTCCAATAGCGTATATTAAAGTTGTTGCAGTTAGAACGCTCGTAGTCGGATTTCGGGGCAGTCCGACCGGTCTGCCGATGGGTATGCACTGGCCGGAGTGTCCTTTTTGCCGGAGACCGTGCCTACTCTTAACTGAGCGGGGGCGGGAGACGGCACTTTTACTTTGAAAAAATCAGAGTGTTTCAAGCAGGCAGCTCGCTCTTGCATGGATTAGCATGGGATAATGAAATAGGACTTTGGTGCTATTTTGTTGGTTTCGAACACCGAAGTAATGATGAGAAGGGACAGTCAGGGGCACTCGTATTCCGCCGAGAGAGGTGAAATTCTCAGACCAGCGGAAGACGAACCACTGCGAAAGCATTTGCCAGGGATGTTTTCATTA";"ASV_1694"
"145";16;"ATTCCAGCTCCAATAGCGTATATTTAAGTTGTTGCAGTTAAAAAGCTCGTAGTTGGATTTCGGGCGAGGTTGGCCGGTCCTCCGTTTCGGTGTGTACTGGCTGGTTTCGTCTTTTTGTCGAGGACGCGCTTCTGGCCTTTATTGGTCGGGACGCGGAGTCGGCGCAGTTACTTTGAAAAAATTAGAGTGTTCAAAGCGGGCATACGCTTGAATATATTAGCATGGAATAACACCATAGGACTCCTGTCCTATTTCGTTGGTCTCGGGACGGGAGTAATGATTAAGAGGAACAGTTGGGGGCATTCGTATTTCATTGTCAGAGGTGAAATTCTTGGATTTATGAAAGACGAACTTCTGCGAAAGCATTTGCCAAGGATGTTTTCATCA";"ASV_1862"
"146";21;"ATTCCAGCTCTAATAGCGTATATTAAAGTTGTTGCAGTTAAAAAGCTCGTAGTCGGATGTCGGGCTCGGGGAGGCTGTCGGCCTTCGGTCGGACGGCATGTCCGGGCCTTTCTGCCTGGGGATCCTACTCTACTTAACTGTAGGGTAGTGGGACGCAGGCCGTTTACTTTGAAAAAATTAGAGTGTTCAAAGCAGGCCTACGCTTGAATACATTAGCATGGAATAATGGAATAGGACTTTGGTGCTATTTTGTTGGTTTATGGGACCGAAGTAATGATTAACAGGGACAGTTGGGGCCGTTTATATTTCGTTGTCAGAGGTGAAATTCTTGGATTTACGAAAGATAAACTTCTGCGAAAGCATTCGGCAAGGATGTTTTCATTA";"ASV_1907"
"147";16;"ATTCCAGCTCCAATAGCGTATATTTAAGTTGTTGCAGTTAAAAAGCTCGTAGTTGGATTTCGGGCGAGGTTGGCCGGTCCTCCGTTTCGGTGTGTACTGGCTGGTTTCGTCTTTTTGTCGAGGACGCGCTTCTGGCCTTTATTGGTCGGGACGCGGAGTCGGCGCAGTTACTTTGAAAAAATTAGAGTGTTCAAAGCGGGCATACGCTTGAATATATTAGCATGGAATAACACCATAGGACTCCTGTCCTATTTCGTTGGTCTCGGGACGGGAGTAATGATTAAGAGGAACAGTTGGGGGCATTCGTATTTCATTGTCAGAGGTGAAATTCTTGGATTTATGAAAGACGAACTTCTGCGAAAGCATTTGCCAAGGATGTTTTCATTA";"ASV_1997"
"148";2;"ATTCCAGCTCCAATAGCGTATATTAAAGTTGTTGCAGTTAAAAAGCTCGTAGTTGGATTTCTGGTGGGGCTGTCGGCCTGGCTCCGAAAGGGGTCGTGGCTTGTACACGCCTGGCCATCCTCGGGGGAAGCTCTTCTGCTCTTAATTGAGTGGGGAGTGACGCTCGTCGTTTACTGTGAACAAATTAGAGTGTTCAAAGCAGGCTTAGGCCGTTGAATACATTAGCATGGAATAATGAGATAGGACTTTGGTGGTCTATTTTGTTGGTTTGCACGCCGAAGTAATGATTAATAGGGGCGGTTGGGGGTATTCGTATTCAATTGTCAGAGGTGAAATTCTTGGATTTATGGAAGACGAACTACTGCGAAAGCATTTACCAAGGATGTTTTCATCG";"ASV_2062"
"149";16;"ATTCCAGCTCCAATAGCGTATATTTAAGTTGTTGCAGTTAAAAAGCTCGTAGTTGGATTTCGGGCGAGGTTGGCCGGTCCTCCGTTTCGGTGTGTACTGGCTGGTTTCGTCTTTTTGTCGAGGACGCGCTTCTGGCCTTTATTGGTCGGGACGCGGAGTCGGCGCAGTTACTTTGAAAAAATTAGAGTGTTCAAAGCGGGCATACGCTTGAATATATTAGCATGGAATAACACCATAGGACTCCTGTCCTATTTCGTTGGTCTCGGGACGGGAGTAATGATTAAGAGGAACAGTTGGGGGCATTCGTATTTCATTGTCAGAGGTGAAATTCTTGGATTTATGAAAGACGAACTTCTGCGAAAGCATTTGCCAAGGATGTTTTCATCG";"ASV_2098"
"150";46;"ATTCCAGCTCCAATAGCGTATATTAAAGTTGTTGCAGTTAAAAAGCTCGTAGTTGGATTTCTGGTGGGAGCGATCGGTCCGGCCTCACGGTCGGCACTTGTATTGTCTCCTACCATCTTTCAGGAAAACCTATCTGGCATTAAGTTGTCGGGTAGGGGATCCTGATCCTTTACTGTGAAAAAATTAGAGTGTTCAAAGCAGGCTTATGCCGTTGAATATATTAGCATGGAATAATAAGATAGGACTATGGTACTATTTTGTTGGTTTGTGCACCATGGTAATGATTAATAGGGACAGTTGGGGGTATTCGTATTCCATTGTCAGAGGTGAAATTCTTGGATTTATGGAAGACGAACTACTGCGAAAGCATTTACCAAGGATGTTTTCATCA";"ASV_2113"
"151";21;"ATTCCAGCTCTAATAGCGTATATTAAAGTTGTTGCAGTTAAAAAGCTCGTAGTCGGATGTCGGGCTCGGGGAGGCTGTCGGCCTTCGGTCGGACGGCATGTCCGGGCCTTTCTGCCTGGGGATCCTACTCTACTTAACTGTAGGGTAGTGGGACGCAGGCCGTTTACTTTGAAAAAATTAGAGTGTTCAAAGCAGGCCTACGCTTGAATACATTAGCATGGAATAATGGAATAGGACTTTGGTGCTATTTTGTTGGTTTATGGGACCGAAGTAATGATTAACAGGGACAGTTGGGGCCGTTTATATTTCGTTGTCAGAGGTGAAATTCTTGGATTTACGAAAGATAAACTTCTGCGAAAGCATTCGGCAAGGATGTTTTCATCG";"ASV_2201"
"152";47;"ATTCCAGCTCCAATAGCGTATATTTAAGTTGTTGCAGTTAAAAAGCTCGTAGTTGGATTTCGGATGGGTGCAACCGGTCCGCCGTTGCGGTGTGCACTGGTCGCGCCCATCTTGCTGACGGGGACGCGCTCCTGGCCTTAACTGGCTGGGACGCGGAGTCGTCGATGTTACTTTGAAAAAATTAGAGTGTTCAAAGCAGGCCTAAGCTCTGAATACATTAGCATGGAATAACGCTATAGGACTCTGGTCTTATTGCGTTGGTCTTCGAGACCGGAGTAATGATTAAGAGGGACAGTTGGGGGCATTCGTATTTCATTGTCAGAGGTGAAATTCTTGGATTTATGAAAGACGAACTTCTGCGAAAGCATTTGCCAAGGATGTTTTCATCA";"ASV_2202"
"153";11;"ATTCCAGCTCCAATAGTGTATATTAAAGTTGTTGCAGTTAAAAAGCTCGTAGTTGGATTTCTGGCGGGAGCGATCGGTCCTTCACTCAGTGTTGGAACCTGATTGTCTCCTGCCATCCATGGAGAAAACTTATCTGGCATTAAGTTGTCGGGTAGGCAATCTCCATCTTTTACTGTGAAAAAATTAGAGTGTTCAAAGCAGGCTTATGCCGTTGAATATATTAGCATGGAATAATAAGATAGGACTATGGTACTATTTTGTTGGTTTGTGCACCATGGTAATGATTAATAGGGACAGTTGGGGGTATTCGTATTCCATTGTCAGAGGTGAAATTCTTGGATTTATGGAAGACGAACTACTGCGAAAGCATTTACCAAGGATGTTTTCATCA";"ASV_2520"
"154";45;"ATTCCAGCTCCAATAGCGTATATTTAAGTTGTTGCAGTTAAAAAGCTCGTAGTTGGATTTCGGCTTTGGGCGACCGGTCCGCCGTTTCGGTGTGCACTGGTCGGCCTTTGCTTTCTGTCGGGGACGCGCTCTCCTTAATTGGTGACGCGGAGTCGGCGCTGTTACTTTGAAAAAATTAGAGTGTTCAAGGCAGGCTTACGCTCTGAATACTATAGCATGGAATAACACGATAGGACTCCGAGCCTATTTTGTTGGTCTTCGGGACCGGAGTAATGATTAAGAGGGACAGTTGGGGGCATTCGTATTACGGTGTCAGAGGTGAAATTCTTGGATTTCCGTAAGACGAACTTCTGCGAAAGCATTTGCCAAGGATGTTTTCATCG";"ASV_2601"
"155";5;"ATTCCAGCTCCAATAGCGTATATTAAAGTTGTTGCAGTTAAAAAGCTCGTAGTTGGATTTCTGGTGGGAGCGGTCGGTGCGGTCCTCAGGATTGCTACTCGTACCGTCTCTCGCCATCCTTGGGTCGATCCTGTCTGGCATTAAGTTGTCGGGCAGGGGATGCCCATCGTTTACTGTGAAAAAATTAGAGTGTTCAAAGCAGGCTTATGCCGTTGAATATATTAGCATGGAATAATAAGATAGGACTTTGGTACTATTTTGTTGGTTTGCGCACCAAAGTAATGATTAATAGGGACAGTTGGGGGTATTCGTATTCCGTTGTCAGAGGTGAAATTCTTGGATTTACGGAAGACGAACTACTGCGAAAGCATTTACCAAGGATGTTTTCATCG";"ASV_2680"
"156";44;"ATTCCAGCTCCAATAGCGTATACTAAAGTTGTTGCAGTTAAAAAGCTCGTAGTTGAATTTCTGGTCGTAAACGGTGGTCCGTTCCGCAAGGAATGTGTGCCCGAATTTATGTCCATCTTCGTGAGTAAGTGTGTATTGCTTTAATCGGCCGTGCATACGACCTCCGTCATTTACTGTGAGCAAAATAGAGTGTTCAAAGCAGGCTTATGCCGTTGAATATATTAGCATGGAATAATAAGATACGACTTTGGTCTATTTTGTTGGTTTGCATTCCAAAGTAATGATTAATAGGGATAGTTGGGGGTATTCGTATTCAATTGTCAGAGGTGAAATTCTTGGATTTATGGAAGACGAACTACTGCGAAAGCATTTACCAAGGATGTTTTCATCA";"ASV_2990"
"157";41;"ATTCCAGCTCCAATAGCGTATATTAAAGTTGTTGCAGTTAAAAAGCTCGTAGTTGGATTTCTGGTGGGAGCAGTCGGTCCTTGATTCATTTCTTGGAACCTGATTGTCTCCTGCCATCCATGGAGAAAACTAATCTGGCATTAAGTTGTCGGGTTGGCAATCTCCATCTTTTACTGTGAAAAAATTAGAGTGTTCAAAGCAGGCTTATGCCGTTGAATATATTAGCATGGAATAATAAGATAGGACTTTGGTACTATTTTGTTGGTTTGCGCACCAAAGTAATGATTAATAGGGACAGTTGGGGGTATTCGTATTCCGTTGTCAGAGGTGAAATTCTTGGATTTACGGAAGACGAACTACTGCGAAAGCATTTACCAAGGATGTTTTCATCA";"ASV_3445"
"158";33;"ATTCCAGCTCCAATAGCGTATACTAAAGTTGTTGCAGTTAAAAAGCTCGTAGTTGAATTTCTGGTCGTGAAACGTGGTCCGTTCCGCAAGGAATGTGTACTGTCGATTCATGTCCATCCTCGGAGTTAGTGTGTATTACTTTAATCGGTCGTGCACATGTCCTCCGTCATTTACTGTGAGCAAAATAGAGTGTTCAAAGCAGGCTTATGCCGTTGAATATATTAGCATGGAATAATAAGATATGACTTTGGTCTATTTTGTTGGTTTGCACTCCAAAGTAATGATTAATAGGGATAGTTGGGGGTATTCGTATTCAATTGTCAGAGGTGAAATTCTTGGATTTATGGAAGACGAACTACTGCGAAAGCATTTACCAAGGATGTTTTCATTA";"ASV_3447"
