"";"Seq";"OTU";"Kingdom";"Supergroup";"Division";"Class";"Order";"Family";"Genus";"Species"
"ATTCCAGCTCCAATAGCGTATATCAATGTTGTTGTGTTTAAAAAGCTCGTAGTCGGAACAAGGTTACCACGCTCAAGTCGCTTGCGACGAAAGCTTGGACCTTGTAAAGAACGCAAGACAAATGACCTTAAACGGCCGTTTGACCTTGGTTCAGATTTACTTTGAAAAAATTAGGGTGCTAAAGGCAAGCACGAGGCGGTGTATAAAAATGCATGGAATAATAGAACAAGAAGTTCATATTTGTTGTGTTGGTCTCAAATATATCTTAATGATAAATAGAGACAGACGGGGGTATATGTATTCAAACGCTAGAGGTGAAATTCTTGGACCGTTTGAAGACAACCAAAAGCGAAAGCATATACCAAGTATGTTTTCATCA";"ATTCCAGCTCCAATAGCGTATATCAATGTTGTTGTGTTTAAAAAGCTCGTAGTCGGAACAAGGTTACCACGCTCAAGTCGCTTGCGACGAAAGCTTGGACCTTGTAAAGAACGCAAGACAAATGACCTTAAACGGCCGTTTGACCTTGGTTCAGATTTACTTTGAAAAAATTAGGGTGCTAAAGGCAAGCACGAGGCGGTGTATAAAAATGCATGGAATAATAGAACAAGAAGTTCATATTTGTTGTGTTGGTCTCAAATATATCTTAATGATAAATAGAGACAGACGGGGGTATATGTATTCAAACGCTAGAGGTGAAATTCTTGGACCGTTTGAAGACAACCAAAAGCGAAAGCATATACCAAGTATGTTTTCATCA";"ASV_141";"Eukaryota";NA;NA;NA;NA;NA;NA;NA
"ATTCCAGCTTCAGGGGCGAATATTAACGTTGTTGCAGTCAAAAAGCTCGTAGTCGAATTTTTTGTGGGTGTGATGTGATTTGATTGGGTGTAAACCCTTCATGGTAGCATTGTGCTGGCAATAGTTGGGTAGTTTCGGCTGCCCTCTTTCACTGTAAAAAAATTAGAGTGTTTCAAACAGGTTGTATGACTTGAATAGAATAGTATGGAATGATAAGATACGATGTTTTTCGTACTTGTTGGTTTATGGAAAAGCATAATGATGAATAGACGCGGTGGGAGGATTTTGTATTACCATGTCAGAGGTGAAATTCTTGGATTTTGGAAAGACAAACAAAAGCGAAGGCATTATTTCCGACGACGCCGTCATCA";"ATTCCAGCTTCAGGGGCGAATATTAACGTTGTTGCAGTCAAAAAGCTCGTAGTCGAATTTTTTGTGGGTGTGATGTGATTTGATTGGGTGTAAACCCTTCATGGTAGCATTGTGCTGGCAATAGTTGGGTAGTTTCGGCTGCCCTCTTTCACTGTAAAAAAATTAGAGTGTTTCAAACAGGTTGTATGACTTGAATAGAATAGTATGGAATGATAAGATACGATGTTTTTCGTACTTGTTGGTTTATGGAAAAGCATAATGATGAATAGACGCGGTGGGAGGATTTTGTATTACCATGTCAGAGGTGAAATTCTTGGATTTTGGAAAGACAAACAAAAGCGAAGGCATTATTTCCGACGACGCCGTCATCA";"ASV_176";"Eukaryota";NA;NA;NA;NA;NA;NA;NA
"ATTCCAGCTCCAATAGCGTATATCAATGTTGTTGTGTTTAAAAAGCTCGTAGTCGGAACAAGGTTACCACGCTCAAGTCGCTTGCGACGAAAGCTTGGACCTTGTAAAGAACGCAAGACAAATGACCTTAAACGGCCGTTTGACCTTGGTTCAGATTTACTTTGAAAAAATTAGGGTGCTAAAGGCAAGCACGAGGCGGTGTATAAAAATGCATGGAATAATAGAACAAGAAGTTCATATTTGTTGTGTTGGTCTCAAATATATCTTAATGATAAATAGAGACAGACGGGGGTATATGTATTCAAACGCTAGAGGTGAAATTCTTGGACCGTTTGAAGACAACCAAAAGCGAAAGCATATACCAAGTATGTTTTCATCG";"ATTCCAGCTCCAATAGCGTATATCAATGTTGTTGTGTTTAAAAAGCTCGTAGTCGGAACAAGGTTACCACGCTCAAGTCGCTTGCGACGAAAGCTTGGACCTTGTAAAGAACGCAAGACAAATGACCTTAAACGGCCGTTTGACCTTGGTTCAGATTTACTTTGAAAAAATTAGGGTGCTAAAGGCAAGCACGAGGCGGTGTATAAAAATGCATGGAATAATAGAACAAGAAGTTCATATTTGTTGTGTTGGTCTCAAATATATCTTAATGATAAATAGAGACAGACGGGGGTATATGTATTCAAACGCTAGAGGTGAAATTCTTGGACCGTTTGAAGACAACCAAAAGCGAAAGCATATACCAAGTATGTTTTCATCG";"ASV_203";"Eukaryota";NA;NA;NA;NA;NA;NA;NA
"ATTCCAGCTCCAATAGCGTATATCAATGTTGTTGTGTTTAAAAAGCTCGTAGTCGGAACAAGGTTACCACGCTCAAGTCGCTTGCGACGAAAGCTTGGACCTTGTAAAGAACGCAAGACAAATGACCTTAAACGGCCGTTTGACCTTGGTTCAGATTTACTTTGAAAAAATTAGGGTGCTAAAGGCAAGCACGAGGCGGTGTATAAAAATGCATGGAATAATAGAACAAGAAGTTCATATTTGTTGTGTTGGTCTCAAATATATCTTAATGATAAATAGAGACAGACGGGGGTATATGTATTCAAACGCTAGAGGTGAAATTCTTGGACCGTTTGAAGACAACCAAAAGCGAAAGCATATACCAAGTATGTTTTCATTA";"ATTCCAGCTCCAATAGCGTATATCAATGTTGTTGTGTTTAAAAAGCTCGTAGTCGGAACAAGGTTACCACGCTCAAGTCGCTTGCGACGAAAGCTTGGACCTTGTAAAGAACGCAAGACAAATGACCTTAAACGGCCGTTTGACCTTGGTTCAGATTTACTTTGAAAAAATTAGGGTGCTAAAGGCAAGCACGAGGCGGTGTATAAAAATGCATGGAATAATAGAACAAGAAGTTCATATTTGTTGTGTTGGTCTCAAATATATCTTAATGATAAATAGAGACAGACGGGGGTATATGTATTCAAACGCTAGAGGTGAAATTCTTGGACCGTTTGAAGACAACCAAAAGCGAAAGCATATACCAAGTATGTTTTCATTA";"ASV_212";"Eukaryota";NA;NA;NA;NA;NA;NA;NA
"ATTCCAGCTTCAGGGGCGAATATTAACGTTGTTGCAGTCAAAAAGCTCGTAGTCGAATTTTTTGTGGGTGTGATGTGATTTGATTGGGTGTAAACCCTTCATGGTAGCATTGTGCTGGCAATAGTTGGGTAGTTTCGGCTGCCCTCTTTCACTGTAAAAAAATTAGAGTGTTTCAAACAGGTTGTATGACTTGAATAGAATAGTATGGAATGATAAGATACGATGTTTTTCGTACTTGTTGGTTTATGGAAAAGCATAATGATGAATAGACGCGGTGGGAGGATTTTGTATTACCATGTCAGAGGTGAAATTCTTGGATTTTGGAAAGACAAACAAAAGCGAAGGCATTATTTCCGACGACGCCGTCATCG";"ATTCCAGCTTCAGGGGCGAATATTAACGTTGTTGCAGTCAAAAAGCTCGTAGTCGAATTTTTTGTGGGTGTGATGTGATTTGATTGGGTGTAAACCCTTCATGGTAGCATTGTGCTGGCAATAGTTGGGTAGTTTCGGCTGCCCTCTTTCACTGTAAAAAAATTAGAGTGTTTCAAACAGGTTGTATGACTTGAATAGAATAGTATGGAATGATAAGATACGATGTTTTTCGTACTTGTTGGTTTATGGAAAAGCATAATGATGAATAGACGCGGTGGGAGGATTTTGTATTACCATGTCAGAGGTGAAATTCTTGGATTTTGGAAAGACAAACAAAAGCGAAGGCATTATTTCCGACGACGCCGTCATCG";"ASV_216";"Eukaryota";NA;NA;NA;NA;NA;NA;NA
"ATTCCAGCTTCAGGGGCGAATATTAACGTTGTTGCAGTCAAAAAGCTCGTAGTCGAATTTTTTGTGGGTGTGATGTGATTTGATTGGGTGTAAACCCTTCATGGTAGCATTGTGCTGGCAATAGTTGGGTAGTTTCGGCTGCCCTCTTTCACTGTAAAAAAATTAGAGTGTTTCAAACAGGTTGTATGACTTGAATAGAATAGTATGGAATGATAAGATACGATGTTTTTCGTACTTGTTGGTTTATGGAAAAGCATAATGATGAATAGACGCGGTGGGAGGATTTTGTATTACCATGTCAGAGGTGAAATTCTTGGATTTTGGAAAGACAAACAAAAGCGAAGGCATTATTTCCGACGACGCCGTCATTA";"ATTCCAGCTTCAGGGGCGAATATTAACGTTGTTGCAGTCAAAAAGCTCGTAGTCGAATTTTTTGTGGGTGTGATGTGATTTGATTGGGTGTAAACCCTTCATGGTAGCATTGTGCTGGCAATAGTTGGGTAGTTTCGGCTGCCCTCTTTCACTGTAAAAAAATTAGAGTGTTTCAAACAGGTTGTATGACTTGAATAGAATAGTATGGAATGATAAGATACGATGTTTTTCGTACTTGTTGGTTTATGGAAAAGCATAATGATGAATAGACGCGGTGGGAGGATTTTGTATTACCATGTCAGAGGTGAAATTCTTGGATTTTGGAAAGACAAACAAAAGCGAAGGCATTATTTCCGACGACGCCGTCATTA";"ASV_236";"Eukaryota";NA;NA;NA;NA;NA;NA;NA
"ATTCCAGCTCCAATAGCGTATATCAATGTTGTTGTGTTTAAAAAGCTCGTAGTCGGAACAAGGTTACCACGCTCAAGTCGCTTGCGACGAAAGCTTGTACACCTAGAGGAGAACGCAAGACAAATGACCTTAAACGGCCGTTTGACCTTGGTTCAGATTTACTTTGAAAAAATTAGGGTGCTAAAGGCAAGCACGAGGCGGTGTATAAAAATGCATGGAATAATAGAACAAGAAGTTCATATTTGTTGTGTTGGTCTCAAATATATCTTAATGATAAATAGAGACAGACGGGGGTATATGTATTCAAACGCTAGAGGTGAAATTCTTGGACCGTTTGAAGACAACCAAAAGCGAAAGCATATACCAAGTATGTTTTCATCA";"ATTCCAGCTCCAATAGCGTATATCAATGTTGTTGTGTTTAAAAAGCTCGTAGTCGGAACAAGGTTACCACGCTCAAGTCGCTTGCGACGAAAGCTTGTACACCTAGAGGAGAACGCAAGACAAATGACCTTAAACGGCCGTTTGACCTTGGTTCAGATTTACTTTGAAAAAATTAGGGTGCTAAAGGCAAGCACGAGGCGGTGTATAAAAATGCATGGAATAATAGAACAAGAAGTTCATATTTGTTGTGTTGGTCTCAAATATATCTTAATGATAAATAGAGACAGACGGGGGTATATGTATTCAAACGCTAGAGGTGAAATTCTTGGACCGTTTGAAGACAACCAAAAGCGAAAGCATATACCAAGTATGTTTTCATCA";"ASV_262";"Eukaryota";NA;NA;NA;NA;NA;NA;NA
"ATTCCAGCTCCAATAGCGTATATCAATGTTGTTGTGTTTAAAAAGCTCGTAGTCGGAACAAGGTTACCACGCTCAAGTCGCTTGCGACGAAAGCTTGGACCTTGTAAAGAACGCAAGACAAATGACCTTAAACGGCCGTTTGACCTTGGTTCAGATTTACTTTGAAAAAATTAGGGTGCTAAAGGCAAGCACGAGGCGGTGTATAAAAATGCATGGAATAATAGAACAAGAAGTTCATATTTGTTGTGTTGGTCTCAAATATATCTTAATGATAAATAGAGACAGACGGGGGTATATGTATTCAAACGCTAGAGGTGAAATTCTTGGACCGTTTGAAGACAACCAAAAGCGAAAGCATATACCAAGTATGTTTTCATTG";"ATTCCAGCTCCAATAGCGTATATCAATGTTGTTGTGTTTAAAAAGCTCGTAGTCGGAACAAGGTTACCACGCTCAAGTCGCTTGCGACGAAAGCTTGGACCTTGTAAAGAACGCAAGACAAATGACCTTAAACGGCCGTTTGACCTTGGTTCAGATTTACTTTGAAAAAATTAGGGTGCTAAAGGCAAGCACGAGGCGGTGTATAAAAATGCATGGAATAATAGAACAAGAAGTTCATATTTGTTGTGTTGGTCTCAAATATATCTTAATGATAAATAGAGACAGACGGGGGTATATGTATTCAAACGCTAGAGGTGAAATTCTTGGACCGTTTGAAGACAACCAAAAGCGAAAGCATATACCAAGTATGTTTTCATTG";"ASV_313";"Eukaryota";NA;NA;NA;NA;NA;NA;NA
"ATTCCAGCTTCAGGGGCGAATATTAACGTTGTTGCAGTCAAAAAGCTCGTAGTCGAATTTTTTGTGGGTGTGATGTGATTTGATTGGGTGTAAACCCTTCATGGTAGCATTGTGCTGGCAATAGTTGGGTAGTTTCGGCTGCCCTCTTTCACTGTAAAAAAATTAGAGTGTTTCAAACAGGTTGTATGACTTGAATAGAATAGTATGGAATGATAAGATACGATGTTTTTCGTACTTGTTGGTTTATGGAAAAGCATAATGATGAATAGACGCGGTGGGAGGATTTTGTATTACCATGTCAGAGGTGAAATTCTTGGATTTTGGAAAGACAAACAAAAGCGAAGGCATTATTTCCGACGACGCCGTCATTG";"ATTCCAGCTTCAGGGGCGAATATTAACGTTGTTGCAGTCAAAAAGCTCGTAGTCGAATTTTTTGTGGGTGTGATGTGATTTGATTGGGTGTAAACCCTTCATGGTAGCATTGTGCTGGCAATAGTTGGGTAGTTTCGGCTGCCCTCTTTCACTGTAAAAAAATTAGAGTGTTTCAAACAGGTTGTATGACTTGAATAGAATAGTATGGAATGATAAGATACGATGTTTTTCGTACTTGTTGGTTTATGGAAAAGCATAATGATGAATAGACGCGGTGGGAGGATTTTGTATTACCATGTCAGAGGTGAAATTCTTGGATTTTGGAAAGACAAACAAAAGCGAAGGCATTATTTCCGACGACGCCGTCATTG";"ASV_334";"Eukaryota";NA;NA;NA;NA;NA;NA;NA
"ATTCCAGCTCCAATAGCGTATATCAATGTTGTTGTGTTTAAAAAGCTCGTAGTCGGAACAAGGTTACCACGCTCAAGTCGCTTGCGACGAAAGCTTGTACACCTAGAGGAGAACGCAAGACAAATGACCTTAAACGGCCGTTTGACCTTGGTTCAGATTTACTTTGAAAAAATTAGGGTGCTAAAGGCAAGCACGAGGCGGTGTATAAAAATGCATGGAATAATAGAACAAGAAGTTCATATTTGTTGTGTTGGTCTCAAATATATCTTAATGATAAATAGAGACAGACGGGGGTATATGTATTCAAACGCTAGAGGTGAAATTCTTGGACCGTTTGAAGACAACCAAAAGCGAAAGCATATACCAAGTATGTTTTCATTA";"ATTCCAGCTCCAATAGCGTATATCAATGTTGTTGTGTTTAAAAAGCTCGTAGTCGGAACAAGGTTACCACGCTCAAGTCGCTTGCGACGAAAGCTTGTACACCTAGAGGAGAACGCAAGACAAATGACCTTAAACGGCCGTTTGACCTTGGTTCAGATTTACTTTGAAAAAATTAGGGTGCTAAAGGCAAGCACGAGGCGGTGTATAAAAATGCATGGAATAATAGAACAAGAAGTTCATATTTGTTGTGTTGGTCTCAAATATATCTTAATGATAAATAGAGACAGACGGGGGTATATGTATTCAAACGCTAGAGGTGAAATTCTTGGACCGTTTGAAGACAACCAAAAGCGAAAGCATATACCAAGTATGTTTTCATTA";"ASV_340";"Eukaryota";NA;NA;NA;NA;NA;NA;NA
"ATTCCAGCTCCAGTAGCGTACACTAACGTTGTTGCAGTTAAAAAGCTCGTAGTTGGATTTCTGTGCGATGCTGACGGTCTGCTCCCTTTGGGTTGCAGCACCAGTTGTGCGTCGTGCATCCTGTCGTGACCTGCTCTGGCCTTGATTGGTCGGAGTCAGTGAGCGGCTCATTTACTTTGAGAAAAACAGAGTGTTCAAAGCAGGCCAGTGCCTTGAATGTTCCAGCATGGAATAATAACATAGGACTTCTGTCTTGGTTGTTGGTGTACGGGACCGAAGTAATGATTGAGAGGGACGGTTGAGGGCATTTCTATTGTCGAGCGAGAGGTGAAATTCGCGGACCTCGGCAGGAGAAACTATTGCGAAGGCATCTGCCAAGGACGTTCTCATCA";"ATTCCAGCTCCAGTAGCGTACACTAACGTTGTTGCAGTTAAAAAGCTCGTAGTTGGATTTCTGTGCGATGCTGACGGTCTGCTCCCTTTGGGTTGCAGCACCAGTTGTGCGTCGTGCATCCTGTCGTGACCTGCTCTGGCCTTGATTGGTCGGAGTCAGTGAGCGGCTCATTTACTTTGAGAAAAACAGAGTGTTCAAAGCAGGCCAGTGCCTTGAATGTTCCAGCATGGAATAATAACATAGGACTTCTGTCTTGGTTGTTGGTGTACGGGACCGAAGTAATGATTGAGAGGGACGGTTGAGGGCATTTCTATTGTCGAGCGAGAGGTGAAATTCGCGGACCTCGGCAGGAGAAACTATTGCGAAGGCATCTGCCAAGGACGTTCTCATCA";"ASV_536";"Eukaryota";NA;NA;NA;NA;NA;NA;NA
"ATTCCAGCTCCAGTAGCGTACACTAACGTTGTTGCAGTTAAAAAGCTCGTAGTTGGATTTCTGTGCGATGCTGACGGTCTGCTCCCTTTGGGTTGCAGCACCAGTTGTGCGTCGTGCATCCTGTCGTGACCTGCTCTGGCCTTGATTGGTCGGAGTCAGTGAGCGGCTCATTTACTTTGAGAAAAACAGAGTGTTCAAAGCAGGCCAGTGCCTTGAATGTTCCAGCATGGAATAATAACATAGGACTTCTGTCTTGGTTGTTGGTGTACGGGACCGAAGTAATGATTGAGAGGGACGGTTGAGGGCATTTCTATTGTCGAGCGAGAGGTGAAATTCGCGGACCTCGGCAGGAGAAACTATTGCGAAGGCATCTGCCAAGGACGTTCTCATCG";"ATTCCAGCTCCAGTAGCGTACACTAACGTTGTTGCAGTTAAAAAGCTCGTAGTTGGATTTCTGTGCGATGCTGACGGTCTGCTCCCTTTGGGTTGCAGCACCAGTTGTGCGTCGTGCATCCTGTCGTGACCTGCTCTGGCCTTGATTGGTCGGAGTCAGTGAGCGGCTCATTTACTTTGAGAAAAACAGAGTGTTCAAAGCAGGCCAGTGCCTTGAATGTTCCAGCATGGAATAATAACATAGGACTTCTGTCTTGGTTGTTGGTGTACGGGACCGAAGTAATGATTGAGAGGGACGGTTGAGGGCATTTCTATTGTCGAGCGAGAGGTGAAATTCGCGGACCTCGGCAGGAGAAACTATTGCGAAGGCATCTGCCAAGGACGTTCTCATCG";"ASV_587";"Eukaryota";NA;NA;NA;NA;NA;NA;NA
"ATTCCAGCTCCAGTAGCGTACACTAACGTTGTTGCAGTTAAAAAGCTCGTAGTTGGATTTCTGTGCGATGCTGACGGTCTGCTCCCTTTGGGTTGCAGCACCAGTTGTGCGTCGTGCATCCTGTCGTGACCTGCTCTGGCCTTGATTGGTCGGAGTCAGTGAGCGGCTCATTTACTTTGAGAAAAACAGAGTGTTCAAAGCAGGCCAGTGCCTTGAATGTTCCAGCATGGAATAATAACATAGGACTTCTGTCTTGGTTGTTGGTGTACGGGACCGAAGTAATGATTGAGAGGGACGGTTGAGGGCATTTCTATTGTCGAGCGAGAGGTGAAATTCGCGGACCTCGGCAGGAGAAACTATTGCGAAGGCATCTGCCAAGGACGTTCTCATTA";"ATTCCAGCTCCAGTAGCGTACACTAACGTTGTTGCAGTTAAAAAGCTCGTAGTTGGATTTCTGTGCGATGCTGACGGTCTGCTCCCTTTGGGTTGCAGCACCAGTTGTGCGTCGTGCATCCTGTCGTGACCTGCTCTGGCCTTGATTGGTCGGAGTCAGTGAGCGGCTCATTTACTTTGAGAAAAACAGAGTGTTCAAAGCAGGCCAGTGCCTTGAATGTTCCAGCATGGAATAATAACATAGGACTTCTGTCTTGGTTGTTGGTGTACGGGACCGAAGTAATGATTGAGAGGGACGGTTGAGGGCATTTCTATTGTCGAGCGAGAGGTGAAATTCGCGGACCTCGGCAGGAGAAACTATTGCGAAGGCATCTGCCAAGGACGTTCTCATTA";"ASV_602";"Eukaryota";NA;NA;NA;NA;NA;NA;NA
"ATTCCAGCTCCAATAGCGTATATTGAAGTTGTTGCGGTTAAAAAGCTCGTCGTTGGATTTCTGTTGAGGTCGAACAGTGCCGCCCTATGGGTGCGCAACTGGCTCGGCTTCGGCATCTTCTTGGAGAGCGCATCTGCACTTAACTGTGTGGATCGTACTTCAAGTCAGTTACTTTGAGGAATTGTGAGTGTTTCAAGCAGGCTTACGCCGTTGAATCCGTTAGCATGGAATAATAGAATAGGACCTCGGTTCTATTTTGTTGGTTTTGAGAGCTGGGGCAGCGATTGATAGGGACGGATGGGGGCGTCCGAACTTTACTGTCAGAGGTGAAATTCTTAGATCGGTCAAAGGCGAACTACTGCGAACGCATTCGCCAAGAATGTTTTCATCA";"ATTCCAGCTCCAATAGCGTATATTGAAGTTGTTGCGGTTAAAAAGCTCGTCGTTGGATTTCTGTTGAGGTCGAACAGTGCCGCCCTATGGGTGCGCAACTGGCTCGGCTTCGGCATCTTCTTGGAGAGCGCATCTGCACTTAACTGTGTGGATCGTACTTCAAGTCAGTTACTTTGAGGAATTGTGAGTGTTTCAAGCAGGCTTACGCCGTTGAATCCGTTAGCATGGAATAATAGAATAGGACCTCGGTTCTATTTTGTTGGTTTTGAGAGCTGGGGCAGCGATTGATAGGGACGGATGGGGGCGTCCGAACTTTACTGTCAGAGGTGAAATTCTTAGATCGGTCAAAGGCGAACTACTGCGAACGCATTCGCCAAGAATGTTTTCATCA";"ASV_628";"Eukaryota";NA;NA;NA;NA;NA;NA;NA
"ATTCCAGAACCTTCAGCTGGTATCCCGTCTATCATAACCACGCCTCCTACTCCACCATAGTCAAATACAGTATTGTCTCCGTTAAAAATTATGATCACCAAGGCGGTCATCGTGCAAATTACAACGGTATCGATAAAGGGCTCTAACAAAGCGACCAATCCTTCGGAAGCAGCGTAATTTGTTTTGACTGCTGAATGCGCAATGGATGCAGAACCTGCTCCAGCCTCATTTGAAAAAGCTGCTCGACGAAATCCAGTAATCAACACTCCAAGCAAACCACCCAATCCAGCTTGTGGATTAAAAGCCTGATTAAAAATCATCCCAAAGGCATCATCA";"ATTCCAGAACCTTCAGCTGGTATCCCGTCTATCATAACCACGCCTCCTACTCCACCATAGTCAAATACAGTATTGTCTCCGTTAAAAATTATGATCACCAAGGCGGTCATCGTGCAAATTACAACGGTATCGATAAAGGGCTCTAACAAAGCGACCAATCCTTCGGAAGCAGCGTAATTTGTTTTGACTGCTGAATGCGCAATGGATGCAGAACCTGCTCCAGCCTCATTTGAAAAAGCTGCTCGACGAAATCCAGTAATCAACACTCCAAGCAAACCACCCAATCCAGCTTGTGGATTAAAAGCCTGATTAAAAATCATCCCAAAGGCATCATCA";"ASV_655";"Eukaryota";NA;NA;NA;NA;NA;NA;NA
"ATTCCAGAACCTTCAGCTGGTATCCCGTCTATCATAACCACGCCTCCTACTCCACCATAGTCAAATACAGTATTGTCTCCGTTAAAAATTATGATCACCAAGGCGGTCATCGTGCAAATTACAACGGTATCGATAAAGGGCTCTAACAAAGCGACCAATCCTTCGGAAGCAGCGTAATTTGTTTTGACTGCTGAATGCGCAATGGATGCAGAACCTGCTCCAGCCTCATTTGAAAAAGCTGCTCGACGAAATCCAGTAATCAACACTCCAAGCAAACCACCCAATCCAGCTTGTGGATTAAAAGCCTGATTAAAAATCATCCCAAAGGCATCATCG";"ATTCCAGAACCTTCAGCTGGTATCCCGTCTATCATAACCACGCCTCCTACTCCACCATAGTCAAATACAGTATTGTCTCCGTTAAAAATTATGATCACCAAGGCGGTCATCGTGCAAATTACAACGGTATCGATAAAGGGCTCTAACAAAGCGACCAATCCTTCGGAAGCAGCGTAATTTGTTTTGACTGCTGAATGCGCAATGGATGCAGAACCTGCTCCAGCCTCATTTGAAAAAGCTGCTCGACGAAATCCAGTAATCAACACTCCAAGCAAACCACCCAATCCAGCTTGTGGATTAAAAGCCTGATTAAAAATCATCCCAAAGGCATCATCG";"ASV_699";"Eukaryota";NA;NA;NA;NA;NA;NA;NA
"ATTCCAGCTCCACTAGCGTATATTAAAGTTGCTGCGGTTAAAAAGCTCGTAGTTTGATATCTGCCAATGCTTTTCGGTCTGCTCTTTGAGATGGATTATGCATTCGCTTTGGCATCTACGCGTGAATCGGTGCTGTGCTTGATTGCATGGTTCTGTACTCGCGTCTTTTACTTTGAAGAAAATAGAGTGCTCACAGTAGGCAATTGTCTTGTATATATTAGCATGGAATAATAATCTAGGGTTTCGTGCTCTTTCAGGTGGCTCGGAGAGTGGAAGCAATGGTTAATAGGGGCTGTTGGGGGTCTTCGGATTATCGCGTCAGAGGTGGAATTCTTAGATTGCGCTACGACGCACGAATGCGAAAGCATTTGCCAAAGATGTTTTCATCG";"ATTCCAGCTCCACTAGCGTATATTAAAGTTGCTGCGGTTAAAAAGCTCGTAGTTTGATATCTGCCAATGCTTTTCGGTCTGCTCTTTGAGATGGATTATGCATTCGCTTTGGCATCTACGCGTGAATCGGTGCTGTGCTTGATTGCATGGTTCTGTACTCGCGTCTTTTACTTTGAAGAAAATAGAGTGCTCACAGTAGGCAATTGTCTTGTATATATTAGCATGGAATAATAATCTAGGGTTTCGTGCTCTTTCAGGTGGCTCGGAGAGTGGAAGCAATGGTTAATAGGGGCTGTTGGGGGTCTTCGGATTATCGCGTCAGAGGTGGAATTCTTAGATTGCGCTACGACGCACGAATGCGAAAGCATTTGCCAAAGATGTTTTCATCG";"ASV_932";"Eukaryota";NA;NA;NA;NA;NA;NA;NA
"ATTCCAGCTCCAATAGCGTATATCAATGTTGTTGTGTTTAAAAAGCTCGTAGTCGGAACAAGGTTACCACGCTCAAGTCGCTTGCGACGAAAGCTTGTATACCTAGAGGAGAACGCAAGACAAATGACCTTAAACGGCCGTTTGACCTTGGTTCAGATTTACTTTGAAAAAATTAGGGTGCTAAAGGCAAGCACGAGGCGGTGTATAAAAATGCATGGAATAATAGAACAAGAAGTTCATATTTGTTGTGTTGGTCTCAAATATATCTTAATGATAAATAGAGACAGACGGGGGTATATGTATTCAAACGCTAGAGGTGAAATTCTTGGACCGTTTGAAGACAACCAAAAGCGAAAGCATATACCAAGTATGTTTTCATCA";"ATTCCAGCTCCAATAGCGTATATCAATGTTGTTGTGTTTAAAAAGCTCGTAGTCGGAACAAGGTTACCACGCTCAAGTCGCTTGCGACGAAAGCTTGTATACCTAGAGGAGAACGCAAGACAAATGACCTTAAACGGCCGTTTGACCTTGGTTCAGATTTACTTTGAAAAAATTAGGGTGCTAAAGGCAAGCACGAGGCGGTGTATAAAAATGCATGGAATAATAGAACAAGAAGTTCATATTTGTTGTGTTGGTCTCAAATATATCTTAATGATAAATAGAGACAGACGGGGGTATATGTATTCAAACGCTAGAGGTGAAATTCTTGGACCGTTTGAAGACAACCAAAAGCGAAAGCATATACCAAGTATGTTTTCATCA";"ASV_1006";"Eukaryota";NA;NA;NA;NA;NA;NA;NA
"ATTCCAGCTCCAATAGCGTATATCAATGTTGTTGTGTTTAAAAAGCTCGTAGTCGGAACAAGGTTACCACGCTCAAGTCGCTTGCGACGAAAGCTTGTATACCTAGAGGAGAACGCAAGACAAATGACCTTAAACGGCCGTTTGACCTTGGTTCAGATTTACTTTGAAAAAATTAGGGTGCTAAAGGCAAGCACGAGGCGGTGTATAAAAATGCATGGAATAATAGAACAAGAAGTTCATATTTGTTGTGTTGGTCTCAAATATATCTTAATGATAAATAGAGACAGACGGGGGTATATGTATTCAAACGCTAGAGGTGAAATTCTTGGACCGTTTGAAGACAACCAAAAGCGAAAGCATATACCAAGTATGTTTTCATTA";"ATTCCAGCTCCAATAGCGTATATCAATGTTGTTGTGTTTAAAAAGCTCGTAGTCGGAACAAGGTTACCACGCTCAAGTCGCTTGCGACGAAAGCTTGTATACCTAGAGGAGAACGCAAGACAAATGACCTTAAACGGCCGTTTGACCTTGGTTCAGATTTACTTTGAAAAAATTAGGGTGCTAAAGGCAAGCACGAGGCGGTGTATAAAAATGCATGGAATAATAGAACAAGAAGTTCATATTTGTTGTGTTGGTCTCAAATATATCTTAATGATAAATAGAGACAGACGGGGGTATATGTATTCAAACGCTAGAGGTGAAATTCTTGGACCGTTTGAAGACAACCAAAAGCGAAAGCATATACCAAGTATGTTTTCATTA";"ASV_1188";"Eukaryota";NA;NA;NA;NA;NA;NA;NA
"ATTCCAGCTCCAATAGCGTATATTAAAGTTGTTGCGGTTAAAACGCTCGTAGTTGAATATTTGTCAAGGATCTGGAGTCTGCCCAAGTGGTTAGAACTCTGGATTTTTTGGCCTACTTTTCGGGAACTAGTGCGTACTTAATTGTATGTACTCGATTCCAAAATATTTACTTTGAGGAATTCAGAGTGCTTCAGGCGGGCGTTTGCCACGAATACTCTAGCATGGAATAATAGCATTGATCTAAGTTCAAAGCTGTTGGTTGCTCGAACTTTGATTAAGGTAAACAGAAACAGTTGGGGGTATTCGTATTTAACTGTCAGAGGTGAAATTCTTGGATTAGTTAAAGACGAACTACTGCGAAAGCATTTGCCAAGGATGTTTTCATCG";"ATTCCAGCTCCAATAGCGTATATTAAAGTTGTTGCGGTTAAAACGCTCGTAGTTGAATATTTGTCAAGGATCTGGAGTCTGCCCAAGTGGTTAGAACTCTGGATTTTTTGGCCTACTTTTCGGGAACTAGTGCGTACTTAATTGTATGTACTCGATTCCAAAATATTTACTTTGAGGAATTCAGAGTGCTTCAGGCGGGCGTTTGCCACGAATACTCTAGCATGGAATAATAGCATTGATCTAAGTTCAAAGCTGTTGGTTGCTCGAACTTTGATTAAGGTAAACAGAAACAGTTGGGGGTATTCGTATTTAACTGTCAGAGGTGAAATTCTTGGATTAGTTAAAGACGAACTACTGCGAAAGCATTTGCCAAGGATGTTTTCATCG";"ASV_1222";"Eukaryota";NA;NA;NA;NA;NA;NA;NA
"ATTCCAGCTCCAATAGCGTATATCAATGTTGTTGTGTTTAAAAAGCTCGTAGTCGGAACAAGGTTACCACGCTCAAGTCGCTTGCGACGAAAGCTTGTATACCTAGAGGAGAACGCAAGACAAATGACCTTAAACGGCCGTTTGACCTTGGTTCAGATTTACTTTGAAAAAATTAGGGTGCTAAAGGCAAGCACGAGGCGGTGTATAAAAATGCATGGAATAATAGAACAAGAAGTTCATATTTGTTGTGTTGGTCTCAAATATATCTTAATGATAAATAGAGACAGACGGGGGTATATGTATTCAAACGCTAGAGGTGAAATTCTTGGACCGTTTGAAGACAACCAAAAGCGAAAGCATATACCAAGTATGTTTTCATCG";"ATTCCAGCTCCAATAGCGTATATCAATGTTGTTGTGTTTAAAAAGCTCGTAGTCGGAACAAGGTTACCACGCTCAAGTCGCTTGCGACGAAAGCTTGTATACCTAGAGGAGAACGCAAGACAAATGACCTTAAACGGCCGTTTGACCTTGGTTCAGATTTACTTTGAAAAAATTAGGGTGCTAAAGGCAAGCACGAGGCGGTGTATAAAAATGCATGGAATAATAGAACAAGAAGTTCATATTTGTTGTGTTGGTCTCAAATATATCTTAATGATAAATAGAGACAGACGGGGGTATATGTATTCAAACGCTAGAGGTGAAATTCTTGGACCGTTTGAAGACAACCAAAAGCGAAAGCATATACCAAGTATGTTTTCATCG";"ASV_1223";"Eukaryota";NA;NA;NA;NA;NA;NA;NA
"ATTCCAGCTCCAATAGCGTATATTAAAGTTGTTGCGGTTAAAACGCTCGTAGTTGAATATTTGTCAAGGATCTGGAGTCTGCCCAAGTGGTTAGAACTCTGGATTTTTTGGCCTACTTTTCGGGAACTAGTGCGTACTTAATTGTATGTACTCGATTCCAAAATATTTACTTTGAGGAATTCAGAGTGCTTCAGGCGGGCGTTTGCCACGAATACTCTAGCATGGAATAATAGCATTGATCTAAGTTCAAAGCTGTTGGTTGCTCGAACTTTGATTAAGGTAAACAGAAACAGTTGGGGGTATTCGTATTTAACTGTCAGAGGTGAAATTCTTGGATTAGTTAAAGACGAACTACTGCGAAAGCATTTGCCAAGGATGTTTTCATCA";"ATTCCAGCTCCAATAGCGTATATTAAAGTTGTTGCGGTTAAAACGCTCGTAGTTGAATATTTGTCAAGGATCTGGAGTCTGCCCAAGTGGTTAGAACTCTGGATTTTTTGGCCTACTTTTCGGGAACTAGTGCGTACTTAATTGTATGTACTCGATTCCAAAATATTTACTTTGAGGAATTCAGAGTGCTTCAGGCGGGCGTTTGCCACGAATACTCTAGCATGGAATAATAGCATTGATCTAAGTTCAAAGCTGTTGGTTGCTCGAACTTTGATTAAGGTAAACAGAAACAGTTGGGGGTATTCGTATTTAACTGTCAGAGGTGAAATTCTTGGATTAGTTAAAGACGAACTACTGCGAAAGCATTTGCCAAGGATGTTTTCATCA";"ASV_1276";"Eukaryota";NA;NA;NA;NA;NA;NA;NA
"ATTCCAGCTCCACTAGCGTATATTAAAGTTGCTGCGGTTAAAAAGCTCGTAGTTTGATATCTGCCAATGCTTTTCGGTCTGCTCTTTGAGATGGATTATGCATTCGCTTTGGCATCTACGCGTGAATCGGTGCTGTGCTTGATTGCATGGTTCTGTACTCGCGTCTTTTACTTTGAAGAAAATAGAGTGCTCACAGTAGGCAATTGTCTTGTATATATTAGCATGGAATAATAATCTAGGGTTTCGTGCTCTTTCAGGTGGCTCGGAGAGTGGAAGCAATGGTTAATAGGGGCTGTTGGGGGTCTTCGGATTATCGCGTCAGAGGTGGAATTCTTAGATTGCGCTACGACGCACGAATGCGAAAGCATTTGCCAAAGATGTTTTCATCA";"ATTCCAGCTCCACTAGCGTATATTAAAGTTGCTGCGGTTAAAAAGCTCGTAGTTTGATATCTGCCAATGCTTTTCGGTCTGCTCTTTGAGATGGATTATGCATTCGCTTTGGCATCTACGCGTGAATCGGTGCTGTGCTTGATTGCATGGTTCTGTACTCGCGTCTTTTACTTTGAAGAAAATAGAGTGCTCACAGTAGGCAATTGTCTTGTATATATTAGCATGGAATAATAATCTAGGGTTTCGTGCTCTTTCAGGTGGCTCGGAGAGTGGAAGCAATGGTTAATAGGGGCTGTTGGGGGTCTTCGGATTATCGCGTCAGAGGTGGAATTCTTAGATTGCGCTACGACGCACGAATGCGAAAGCATTTGCCAAAGATGTTTTCATCA";"ASV_1352";"Eukaryota";NA;NA;NA;NA;NA;NA;NA
"ATTCCAGCTCCACTAGCGTATATTAAAGTTGCTGCGGTTAAAAAGCTCGTAGTTTGATATCTGCCAATGCTTTTCGGTCTGCTCTTTGAGATGGATTATGCATTCGCTTTGGCATCTACGCGTGAATCGGTGCTGTGCTTGATTGCATGGTTCTGTACTCGCGTCTTTTACTTTGAAGAAAATAGAGTGCTCACAGTAGGCAATTGTCTTGTATATATTAGCATGGAATAATAATCTAGGGTTTCGTGCTCTTTCAGGTGGCTCGGAGAGTGGAAGCAATGGTTAATAGGGGCTGTTGGGGGTCTTCGGATTATCGCGTCAGAGGTGGAATTCTTAGATTGCGCTACGACGCACGAATGCGAAAGCATTTGCCAAAGATGTTTTCATTA";"ATTCCAGCTCCACTAGCGTATATTAAAGTTGCTGCGGTTAAAAAGCTCGTAGTTTGATATCTGCCAATGCTTTTCGGTCTGCTCTTTGAGATGGATTATGCATTCGCTTTGGCATCTACGCGTGAATCGGTGCTGTGCTTGATTGCATGGTTCTGTACTCGCGTCTTTTACTTTGAAGAAAATAGAGTGCTCACAGTAGGCAATTGTCTTGTATATATTAGCATGGAATAATAATCTAGGGTTTCGTGCTCTTTCAGGTGGCTCGGAGAGTGGAAGCAATGGTTAATAGGGGCTGTTGGGGGTCTTCGGATTATCGCGTCAGAGGTGGAATTCTTAGATTGCGCTACGACGCACGAATGCGAAAGCATTTGCCAAAGATGTTTTCATTA";"ASV_1408";"Eukaryota";NA;NA;NA;NA;NA;NA;NA
"ATTCCAGCTCCAATAGCGTATATTAAAGTTGTTGCAGTTAAAAAGCTCGTAGTTGGATTTTGGACATCGGCCGTCGGTCCGCCGCAAGGTGAGTACTAACGGGTGTTGTCTTCCGGCTGAAGGCTGTGCGTGCTCTTTGAGTGCGCATAGAATTCAGCCAATTTACTTTGAAAAAATTAGAGTGTTCAAAGCAGGCCTTTGGCTTGAATACATTAGCATGGAATAACAGAATAGGACTTTGGCTCTATTTTGTTGGTTTCTAGGACCGAAGTAATGATTAATAGGGATAGTTGGGGGCATTAATATTTAATTGTCAGAGGTGAAATTCTTTGATTTATGAAAGATTAACTTCTGCGAAAGCATTTGCCAAGGATGTTTTCATCA";"ATTCCAGCTCCAATAGCGTATATTAAAGTTGTTGCAGTTAAAAAGCTCGTAGTTGGATTTTGGACATCGGCCGTCGGTCCGCCGCAAGGTGAGTACTAACGGGTGTTGTCTTCCGGCTGAAGGCTGTGCGTGCTCTTTGAGTGCGCATAGAATTCAGCCAATTTACTTTGAAAAAATTAGAGTGTTCAAAGCAGGCCTTTGGCTTGAATACATTAGCATGGAATAACAGAATAGGACTTTGGCTCTATTTTGTTGGTTTCTAGGACCGAAGTAATGATTAATAGGGATAGTTGGGGGCATTAATATTTAATTGTCAGAGGTGAAATTCTTTGATTTATGAAAGATTAACTTCTGCGAAAGCATTTGCCAAGGATGTTTTCATCA";"ASV_1446";"Eukaryota";NA;NA;NA;NA;NA;NA;NA
"ATTCCAGCTCCAATAGCGTATATTGAAGTTGTTGCGGTTAAAAAGCTCGTCGTTGGATTTCTGTTGAGGTCGAACAGTGCCGCCCTATGGGTGCGCAACTGGCTCGGCTTCGGCATCTTCTTGGAGAGCGCATCTGCACTTAACTGTGTGGATCGTACTTCAAGTCAGTTACTTTGAGGAATTGTGAGTGTTTCAAGCAGGCTTACGCCGTTGAATCCGTTAGCATGGAATAATAGAATAGGACCTCGGTTCTATTTTGTTGGTTTTGAGAGCTGGGGCAGCGATTGATAGGGACGGATGGGGGCGTCCGAACTTTACTGTCAGAGGTGAAATTCTTAGATCGGTCAAAGGCGAACTACTGCGAACGCATTCGCCAAGAATGTTTTCATCG";"ATTCCAGCTCCAATAGCGTATATTGAAGTTGTTGCGGTTAAAAAGCTCGTCGTTGGATTTCTGTTGAGGTCGAACAGTGCCGCCCTATGGGTGCGCAACTGGCTCGGCTTCGGCATCTTCTTGGAGAGCGCATCTGCACTTAACTGTGTGGATCGTACTTCAAGTCAGTTACTTTGAGGAATTGTGAGTGTTTCAAGCAGGCTTACGCCGTTGAATCCGTTAGCATGGAATAATAGAATAGGACCTCGGTTCTATTTTGTTGGTTTTGAGAGCTGGGGCAGCGATTGATAGGGACGGATGGGGGCGTCCGAACTTTACTGTCAGAGGTGAAATTCTTAGATCGGTCAAAGGCGAACTACTGCGAACGCATTCGCCAAGAATGTTTTCATCG";"ASV_1466";"Eukaryota";NA;NA;NA;NA;NA;NA;NA
"ATTCCAGCTTCAGGGGCGAATATTAACGTTGTTGCAGTCAAAAAGCTCGTAGTCGAATTTTTTGTGGGTGTGATGTGATTTGATTGGGTGTAAACCCTTCATGGTAGCATTGTGCTGGCAATAGTTGGGTAGTTTCGGCTGCCCTTATTCACTGTAAAAAAATTAGAGTGTTTCAAACAGGTTGTATGACTTGAATAGAATAGTATGGAATGATAAGATACGATGTTTTTCGTACTTGTTGGTTTATGGAAAAGCATAATGATGAATAGACGCGGTGGGAGGATTTTGTATTACCATGTCAGAGGTGAAATTCTTGGATTTTGGAAAGACAAACAAAAGCGAAGGCATTATTTCCGACGACGCCGTCATCG";"ATTCCAGCTTCAGGGGCGAATATTAACGTTGTTGCAGTCAAAAAGCTCGTAGTCGAATTTTTTGTGGGTGTGATGTGATTTGATTGGGTGTAAACCCTTCATGGTAGCATTGTGCTGGCAATAGTTGGGTAGTTTCGGCTGCCCTTATTCACTGTAAAAAAATTAGAGTGTTTCAAACAGGTTGTATGACTTGAATAGAATAGTATGGAATGATAAGATACGATGTTTTTCGTACTTGTTGGTTTATGGAAAAGCATAATGATGAATAGACGCGGTGGGAGGATTTTGTATTACCATGTCAGAGGTGAAATTCTTGGATTTTGGAAAGACAAACAAAAGCGAAGGCATTATTTCCGACGACGCCGTCATCG";"ASV_1654";"Eukaryota";NA;NA;NA;NA;NA;NA;NA
"ATTCCACTCCCCTCGCTGGCCAACTGCGATATCAATAATGTCTCCCTCCATTAAAGTACGTGAAAACACGATCTGTGCTCCTCGACCCCTAACCTGACCACCATTACCGCCCTCTGCACCATTTAGCTCGAATTCATACGTCCCTGTGTACGGGACAACCCACTGCTGGAAGCCGTTTTGGACTTCTACTGAGAAGTTGGAATATGCTTGGTCACAATCCTCTTGCGATGGGCCAATAGAACCAACAGCTCCGCAAGGCGAGAATATGAATGGCCCCACATATAGCGACTCCACATCATAACAATTCCCACAATCGTCATTG";"ATTCCACTCCCCTCGCTGGCCAACTGCGATATCAATAATGTCTCCCTCCATTAAAGTACGTGAAAACACGATCTGTGCTCCTCGACCCCTAACCTGACCACCATTACCGCCCTCTGCACCATTTAGCTCGAATTCATACGTCCCTGTGTACGGGACAACCCACTGCTGGAAGCCGTTTTGGACTTCTACTGAGAAGTTGGAATATGCTTGGTCACAATCCTCTTGCGATGGGCCAATAGAACCAACAGCTCCGCAAGGCGAGAATATGAATGGCCCCACATATAGCGACTCCACATCATAACAATTCCCACAATCGTCATTG";"ASV_1730";"Eukaryota";NA;NA;NA;NA;NA;NA;NA
"ATTCCAGCTCCAATAGCGTATATTGAAGTTGTTGCGGTTAAAAAGCTCGTCGTTGGATTTCTGTTGAGGTCGAACAGTGCCGCCCTATGGGTGCGCAACTGGCTCGGCTTCGGCATCTTCTTGGAGAGCGCATCTGCACTTAACTGTGTGGATCGTACTTCAAGTCAGTTACTTTGAGGAATTGTGAGTGTTTCAAGCAGGCTTACGCCGTTGAATCCGTTAGCATGGAATAATAGAATAGGACCTCGGTTCTATTTTGTTGGTTTTGAGAGCTGGGGCAGCGATTGATAGGGACGGATGGGGGCGTCCGAACTTTACTGTCAGAGGTGAAATTCTTAGATCGGTCAAAGGCGAACTACTGCGAACGCATTCGCCAAGAATGTTTTCATTG";"ATTCCAGCTCCAATAGCGTATATTGAAGTTGTTGCGGTTAAAAAGCTCGTCGTTGGATTTCTGTTGAGGTCGAACAGTGCCGCCCTATGGGTGCGCAACTGGCTCGGCTTCGGCATCTTCTTGGAGAGCGCATCTGCACTTAACTGTGTGGATCGTACTTCAAGTCAGTTACTTTGAGGAATTGTGAGTGTTTCAAGCAGGCTTACGCCGTTGAATCCGTTAGCATGGAATAATAGAATAGGACCTCGGTTCTATTTTGTTGGTTTTGAGAGCTGGGGCAGCGATTGATAGGGACGGATGGGGGCGTCCGAACTTTACTGTCAGAGGTGAAATTCTTAGATCGGTCAAAGGCGAACTACTGCGAACGCATTCGCCAAGAATGTTTTCATTG";"ASV_1751";"Eukaryota";NA;NA;NA;NA;NA;NA;NA
"ATTCCAGCTCCAGTAGCATATATTCAAGCTGCTGCGGTTAAAAAGTTCGTAGTCCTGGTTTCGCCGCGGGGTGCAGACCTGTCTGATTGGATGGGTCTGCATGCTTTGGCATTTCTTCAGCTTGTTCTTGCGCTTCACTGCGTGGGTTCATGCTGGGAGCTATCACCTCGAGGAAATTAGAGTGCTTCAAGCAGGCTAGTGCTTGCATACATTAGCATGGAATGAAAATAAGAGGCTCAGTGCTCTTGGCTGGCTTTGAGTACTGAGGAGAAGATTGATAGGGTCAGTTGGGGGCATTCGTATTTGACTGTCAGAGGTGAAATTCTTGAATTCGTTAAGGTCGTCCTATTGCGAAAGCATTTGCCAAAGATGTTTTCATCG";"ATTCCAGCTCCAGTAGCATATATTCAAGCTGCTGCGGTTAAAAAGTTCGTAGTCCTGGTTTCGCCGCGGGGTGCAGACCTGTCTGATTGGATGGGTCTGCATGCTTTGGCATTTCTTCAGCTTGTTCTTGCGCTTCACTGCGTGGGTTCATGCTGGGAGCTATCACCTCGAGGAAATTAGAGTGCTTCAAGCAGGCTAGTGCTTGCATACATTAGCATGGAATGAAAATAAGAGGCTCAGTGCTCTTGGCTGGCTTTGAGTACTGAGGAGAAGATTGATAGGGTCAGTTGGGGGCATTCGTATTTGACTGTCAGAGGTGAAATTCTTGAATTCGTTAAGGTCGTCCTATTGCGAAAGCATTTGCCAAAGATGTTTTCATCG";"ASV_1770";"Eukaryota";NA;NA;NA;NA;NA;NA;NA
"ATTCCAGCTCCAATAGCGTATATCAATGTTGTTGTGTTTAAAAAGCTCGTAGTCGGAACAAGGTTACCACGCTCAAGTCGCTTGCGACAAAAGCTAGTAGACCTGGAGGAGAACGCAAGACAAATGACCTTAAACGGCCGTTTGACCTTGGTTCAGATTTACTTTGAAAAAATTAGGGTGCTAAAGGCAAGCACGAGGCGGTGTATAAAAATGCATGGAATAATAGAACAAGAAGTTCATATTTGTTGTGTTGGTCTCAAATATATCTTAATGATAAATAGAGACAGACGGGGGTATATGTATTCAAACGCTAGAGGTGAAATTCTTGGACCGTTTGAAGACAACCAAAAGCGAAAGCATATACCAAGTATGTTTTCATCA";"ATTCCAGCTCCAATAGCGTATATCAATGTTGTTGTGTTTAAAAAGCTCGTAGTCGGAACAAGGTTACCACGCTCAAGTCGCTTGCGACAAAAGCTAGTAGACCTGGAGGAGAACGCAAGACAAATGACCTTAAACGGCCGTTTGACCTTGGTTCAGATTTACTTTGAAAAAATTAGGGTGCTAAAGGCAAGCACGAGGCGGTGTATAAAAATGCATGGAATAATAGAACAAGAAGTTCATATTTGTTGTGTTGGTCTCAAATATATCTTAATGATAAATAGAGACAGACGGGGGTATATGTATTCAAACGCTAGAGGTGAAATTCTTGGACCGTTTGAAGACAACCAAAAGCGAAAGCATATACCAAGTATGTTTTCATCA";"ASV_1789";"Eukaryota";NA;NA;NA;NA;NA;NA;NA
"ATTCCAGCTCCAATAGCATATGTTAAAGTTGTTGCAGTTAAAACGCTCGTAGTCGGATTTCTGTGAAGGACAATGGGTCTGCCCTGTGGGTGAGTACTTGTTTTTCCTCCACATATCTTTGGATTTCGCAACTGCACTTGATTGTGTGGTGTGGTGTCCATTGGCATTACCTGGAGGAAATCAGAGTGTTTTGAGCATGTGCAGGGCCGTGTATACGCTAGCATGGAATGATACATTGTGGTGCTGTATTTATGTTATTGGTTGACAATGGTGCAAGGATTGATAGGGACAGTTGGGGGTGTTTGTATTTAACTGTCAGAGGTGAAATTCTTGGATCTGTTAAAGACAAGCCTTTGCGAACGCATTTGCCAAGGATGTTTTCATTA";"ATTCCAGCTCCAATAGCATATGTTAAAGTTGTTGCAGTTAAAACGCTCGTAGTCGGATTTCTGTGAAGGACAATGGGTCTGCCCTGTGGGTGAGTACTTGTTTTTCCTCCACATATCTTTGGATTTCGCAACTGCACTTGATTGTGTGGTGTGGTGTCCATTGGCATTACCTGGAGGAAATCAGAGTGTTTTGAGCATGTGCAGGGCCGTGTATACGCTAGCATGGAATGATACATTGTGGTGCTGTATTTATGTTATTGGTTGACAATGGTGCAAGGATTGATAGGGACAGTTGGGGGTGTTTGTATTTAACTGTCAGAGGTGAAATTCTTGGATCTGTTAAAGACAAGCCTTTGCGAACGCATTTGCCAAGGATGTTTTCATTA";"ASV_1821";"Eukaryota";NA;NA;NA;NA;NA;NA;NA
"ATTCCAGCTCCACTAGCGTATATTAAAGTTGCTGCGGTTAAAAAGCTCGTAGTTTGATATCTGCCAATGCTTTTCGGTCTGCTCTTTGAGATGGATTATGCATTCGCTTTGGCATCTACGCGTGAATCGGTGCTGTGCTTGATTGCATGGTTCTGTACTCGCGTCTTTTACTTTGAAGAAAATAGAGTGCTCACAGTAGGCAATTGTCTTGTATATATTAGCATGGAATAATAATCTAGGGTTTCGTGCTCTTTCAGGTGGCTCGGAGAGTGGAAGCAATGGTTAATAGGGGCTGTTGGGGGTCTTCGGATTATCGCGTCAGAGGTGGAATTCTTAGATTGCGCTACGACGCACGAATGCGAAAGCATTTGCCAAAGATGTTTTCATTG";"ATTCCAGCTCCACTAGCGTATATTAAAGTTGCTGCGGTTAAAAAGCTCGTAGTTTGATATCTGCCAATGCTTTTCGGTCTGCTCTTTGAGATGGATTATGCATTCGCTTTGGCATCTACGCGTGAATCGGTGCTGTGCTTGATTGCATGGTTCTGTACTCGCGTCTTTTACTTTGAAGAAAATAGAGTGCTCACAGTAGGCAATTGTCTTGTATATATTAGCATGGAATAATAATCTAGGGTTTCGTGCTCTTTCAGGTGGCTCGGAGAGTGGAAGCAATGGTTAATAGGGGCTGTTGGGGGTCTTCGGATTATCGCGTCAGAGGTGGAATTCTTAGATTGCGCTACGACGCACGAATGCGAAAGCATTTGCCAAAGATGTTTTCATTG";"ASV_1857";"Eukaryota";NA;NA;NA;NA;NA;NA;NA
"ATTCCAGCTCCAATAGCGTATATTGAAGTTGTTGCGGTTAAAAAGCTCGTCGTTGGATTTCTGTTGAGGTCGAACAGTGCCGCCCTATGGGTGCGCAACTGGCTCGGCTTCGGCATCTTCTTGGAGAGCGCATCTGCACTTAACTGTGTGGATCGTACTTCAAGTCAGTTACTTTGAGGAATTGTGAGTGTTTCAAGCAGGCTTACGCCGTTGAATCCGTTAGCATGGAATAATAGAATAGGACCTCGGTTCTATTTTGTTGGTTTTGAGAGCTGGGGCAGCGATTGATAGGGACGGATGGGGGCGTCCGAACTTTACTGTCAGAGGTGAAATTCTTAGATCGGTCAAAGGCGAACTACTGCGAACGCATTCGCCAAGAATGTTTTCATTA";"ATTCCAGCTCCAATAGCGTATATTGAAGTTGTTGCGGTTAAAAAGCTCGTCGTTGGATTTCTGTTGAGGTCGAACAGTGCCGCCCTATGGGTGCGCAACTGGCTCGGCTTCGGCATCTTCTTGGAGAGCGCATCTGCACTTAACTGTGTGGATCGTACTTCAAGTCAGTTACTTTGAGGAATTGTGAGTGTTTCAAGCAGGCTTACGCCGTTGAATCCGTTAGCATGGAATAATAGAATAGGACCTCGGTTCTATTTTGTTGGTTTTGAGAGCTGGGGCAGCGATTGATAGGGACGGATGGGGGCGTCCGAACTTTACTGTCAGAGGTGAAATTCTTAGATCGGTCAAAGGCGAACTACTGCGAACGCATTCGCCAAGAATGTTTTCATTA";"ASV_1884";"Eukaryota";NA;NA;NA;NA;NA;NA;NA
"ATTCCAGCTCCAATAGCGTATATTAAAGTTGTTGCGGTTAAAACGCTCGTAGTTGAATATTTGTCAAGGATCTGGAGTCTGCCCAAGTGGTTAGAACTCTGGATTTTTTGGCCTACTTTTCGGGAACTAGTGCGTACTTAATTGTATGTACTCGATTCCAAAATATTTACTTTGAGGAATTCAGAGTGCTTCAGGCGGGCGTTTGCCACGAATACTCTAGCATGGAATAATAGCATTGATCTAAGTTCAAAGCTGTTGGTTGCTCGAACTTTGATTAAGGTAAACAGAAACAGTTGGGGGTATTCGTATTTAACTGTCAGAGGTGAAATTCTTGGATTAGTTAAAGACGAACTACTGCGAAAGCATTTGCCAAGGATGTTTTCATTA";"ATTCCAGCTCCAATAGCGTATATTAAAGTTGTTGCGGTTAAAACGCTCGTAGTTGAATATTTGTCAAGGATCTGGAGTCTGCCCAAGTGGTTAGAACTCTGGATTTTTTGGCCTACTTTTCGGGAACTAGTGCGTACTTAATTGTATGTACTCGATTCCAAAATATTTACTTTGAGGAATTCAGAGTGCTTCAGGCGGGCGTTTGCCACGAATACTCTAGCATGGAATAATAGCATTGATCTAAGTTCAAAGCTGTTGGTTGCTCGAACTTTGATTAAGGTAAACAGAAACAGTTGGGGGTATTCGTATTTAACTGTCAGAGGTGAAATTCTTGGATTAGTTAAAGACGAACTACTGCGAAAGCATTTGCCAAGGATGTTTTCATTA";"ASV_1987";"Eukaryota";NA;NA;NA;NA;NA;NA;NA
"ATTCCAGCTCCAATAGCGTATATCAATGTTGTTGTGTTTAAAAAGCTCGTAGTCGGAACAAGGTTACCACGCTCAAGTCGCTTGCGACAAAAGCTAGTAGACCTGGAGGAGAACGCAAGACAAATGACCTTAAACGGCCGTTTGACCTTGGTTCAGATTTACTTTGAAAAAATTAGGGTGCTAAAGGCAAGCACGAGGCGGTGTATAAAAATGCATGGAATAATAGAACAAGAAGTTCATATTTGTTGTGTTGGTCTCAAATATATCTTAATGATAAATAGAGACAGACGGGGGTATATGTATTCAAACGCTAGAGGTGAAATTCTTGGACCGTTTGAAGACAACCAAAAGCGAAAGCATATACCAAGTATGTTTTCATCG";"ATTCCAGCTCCAATAGCGTATATCAATGTTGTTGTGTTTAAAAAGCTCGTAGTCGGAACAAGGTTACCACGCTCAAGTCGCTTGCGACAAAAGCTAGTAGACCTGGAGGAGAACGCAAGACAAATGACCTTAAACGGCCGTTTGACCTTGGTTCAGATTTACTTTGAAAAAATTAGGGTGCTAAAGGCAAGCACGAGGCGGTGTATAAAAATGCATGGAATAATAGAACAAGAAGTTCATATTTGTTGTGTTGGTCTCAAATATATCTTAATGATAAATAGAGACAGACGGGGGTATATGTATTCAAACGCTAGAGGTGAAATTCTTGGACCGTTTGAAGACAACCAAAAGCGAAAGCATATACCAAGTATGTTTTCATCG";"ASV_2035";"Eukaryota";NA;NA;NA;NA;NA;NA;NA
"ATTCCAGCTCCAAAAGCGTATATTAAAGTTGTTGCGGTTAAAAAGCTCGTAGTTGGATTTCTGTCAATGGTGGCGTGGTCTCTGCTTTGCAGGGTATCTGCTGTTGCCATGGCATCCCGTTCCGATACGTGTTGGTGCTTAATTGCGTCTCACGGGTTGGTTCGCTTTTACTTTGAGGAAATTGGAGTGTTCACGGCAGGCATTCGCCTGGACATTTTAGCATGGAATAATAATATAGGTTTTCGTTCCTATTTTGTTGGTTTCTAGGAGTGAGAAAATGATTGCAGAGACGGATATGGGCATTGGTATTGCAGTGTCAGAGGTGGAATTCTTGGATTACTGTACGACCAACTGCTGCGAAAGCTTCTGTCAGAGACGTTTTCATTA";"ATTCCAGCTCCAAAAGCGTATATTAAAGTTGTTGCGGTTAAAAAGCTCGTAGTTGGATTTCTGTCAATGGTGGCGTGGTCTCTGCTTTGCAGGGTATCTGCTGTTGCCATGGCATCCCGTTCCGATACGTGTTGGTGCTTAATTGCGTCTCACGGGTTGGTTCGCTTTTACTTTGAGGAAATTGGAGTGTTCACGGCAGGCATTCGCCTGGACATTTTAGCATGGAATAATAATATAGGTTTTCGTTCCTATTTTGTTGGTTTCTAGGAGTGAGAAAATGATTGCAGAGACGGATATGGGCATTGGTATTGCAGTGTCAGAGGTGGAATTCTTGGATTACTGTACGACCAACTGCTGCGAAAGCTTCTGTCAGAGACGTTTTCATTA";"ASV_2045";"Eukaryota";NA;NA;NA;NA;NA;NA;NA
"ATTCCAGCTCTATTAGCATATATTAAAGTTGCTGCAATTAAAACGCTCGTAGTCGAACTTTTAATTTTTTATAGAGGTCTAAGATTTTAGTACTTTTATATGGATTATTATATATTACCTTGAATAATTTAGAGTGTTCAAAGCAAGCATACGCTTGAATACATTAGCATGGAATAATGAAAAATGACTTTTTTTATTGGTTATAAAATTAGTAATGATGAATAGGGACAGTTGGGGGCATTTGTATTTAAAAAGTAGAGGTGAAATTCATGAATTTTTTAAAGACAAACTAAAGCGAAAGCATTTGCCAAGGATGTTTTCATCG";"ATTCCAGCTCTATTAGCATATATTAAAGTTGCTGCAATTAAAACGCTCGTAGTCGAACTTTTAATTTTTTATAGAGGTCTAAGATTTTAGTACTTTTATATGGATTATTATATATTACCTTGAATAATTTAGAGTGTTCAAAGCAAGCATACGCTTGAATACATTAGCATGGAATAATGAAAAATGACTTTTTTTATTGGTTATAAAATTAGTAATGATGAATAGGGACAGTTGGGGGCATTTGTATTTAAAAAGTAGAGGTGAAATTCATGAATTTTTTAAAGACAAACTAAAGCGAAAGCATTTGCCAAGGATGTTTTCATCG";"ASV_2125";"Eukaryota";NA;NA;NA;NA;NA;NA;NA
"ATTCCACTCCCCTCGCTGGCCAACTGCGATATCAATAATGTCTCCCTCCATTAAAGTACGTGAAAACACGATCTGTGCTCCTCGACCCCTAACCTGACCACCATTACCGCCCTCTGCACCATTTAGCTCGAATTCATACGTCCCTGTGTACGGGACAACCCACTGCTGGAAGCCGTTTTGGACTTCTACTGAGAAGTTGGAATATGCTTGGTCACAATCCTCTTGCGATGGGCCAATAGAACCAACAGCTCCGCAAGGCGAGAATATGAATGGCCCCACATATAGCGACTCCACATCATAACAATTCCCACAATCGTCATCA";"ATTCCACTCCCCTCGCTGGCCAACTGCGATATCAATAATGTCTCCCTCCATTAAAGTACGTGAAAACACGATCTGTGCTCCTCGACCCCTAACCTGACCACCATTACCGCCCTCTGCACCATTTAGCTCGAATTCATACGTCCCTGTGTACGGGACAACCCACTGCTGGAAGCCGTTTTGGACTTCTACTGAGAAGTTGGAATATGCTTGGTCACAATCCTCTTGCGATGGGCCAATAGAACCAACAGCTCCGCAAGGCGAGAATATGAATGGCCCCACATATAGCGACTCCACATCATAACAATTCCCACAATCGTCATCA";"ASV_2188";"Eukaryota";NA;NA;NA;NA;NA;NA;NA
"ATTCCAGCTCCAATAGCGTATATCAATGTTGTTGTGTTTAAAAAGCTCGTAGTCGGAACAAGGTTACCACGCTCAAGTCGCTTGCGACAAAAGCTAGTAGACCTGGAGGAGAACGCAAGACAAATGACCTTAAACGGCCGTTTGACCTTGGTTCAGATTTACTTTGAAAAAATTAGGGTGCTAAAGGCAAGCACGAGGCGGTGTATAAAAATGCATGGAATAATAGAACAAGAAGTTCATATTTGTTGTGTTGGTCTCAAATATATCTTAATGATAAATAGAGACAGACGGGGGTATATGTATTCAAACGCTAGAGGTGAAATTCTTGGACCGTTTGAAGACAACCAAAAGCGAAAGCATATACCAAGTATGTTTTCATTA";"ATTCCAGCTCCAATAGCGTATATCAATGTTGTTGTGTTTAAAAAGCTCGTAGTCGGAACAAGGTTACCACGCTCAAGTCGCTTGCGACAAAAGCTAGTAGACCTGGAGGAGAACGCAAGACAAATGACCTTAAACGGCCGTTTGACCTTGGTTCAGATTTACTTTGAAAAAATTAGGGTGCTAAAGGCAAGCACGAGGCGGTGTATAAAAATGCATGGAATAATAGAACAAGAAGTTCATATTTGTTGTGTTGGTCTCAAATATATCTTAATGATAAATAGAGACAGACGGGGGTATATGTATTCAAACGCTAGAGGTGAAATTCTTGGACCGTTTGAAGACAACCAAAAGCGAAAGCATATACCAAGTATGTTTTCATTA";"ASV_2206";"Eukaryota";NA;NA;NA;NA;NA;NA;NA
"ATTCCAGCTCCAATAGCGTATATTAAAGTTGTTGCAGTTAAAAAGCTCGTAGTTGAATTTCTGGAGGGCACGTTGGGACCGCTTGATTGCGCGTCCTTGACGAACTCTCCATCCTTGCAGGGAGCGCGTCGGCCTTCATTGGTTCGGCGTGTCGACCTGCATCCTTTACTGTGAAAAAATTAGAGTGTTTAAAGCAGGCGATCGCTTGAATACATTAGCATGGAATAATAAGATAGGACTTTGGTCTATTTTGTTGGTTGCGGCCCAAGGTAATGATTAATAGGGATGATTGGGGACATTCATATTGAGGTGGAAGAGGTGAAATTCTTGGATTTCCTCAAGATGAACTGCTGCGAAAGCGTCTGTCTAGGGCGTTTTCATCG";"ATTCCAGCTCCAATAGCGTATATTAAAGTTGTTGCAGTTAAAAAGCTCGTAGTTGAATTTCTGGAGGGCACGTTGGGACCGCTTGATTGCGCGTCCTTGACGAACTCTCCATCCTTGCAGGGAGCGCGTCGGCCTTCATTGGTTCGGCGTGTCGACCTGCATCCTTTACTGTGAAAAAATTAGAGTGTTTAAAGCAGGCGATCGCTTGAATACATTAGCATGGAATAATAAGATAGGACTTTGGTCTATTTTGTTGGTTGCGGCCCAAGGTAATGATTAATAGGGATGATTGGGGACATTCATATTGAGGTGGAAGAGGTGAAATTCTTGGATTTCCTCAAGATGAACTGCTGCGAAAGCGTCTGTCTAGGGCGTTTTCATCG";"ASV_2237";"Eukaryota";NA;NA;NA;NA;NA;NA;NA
"ATTCCAGCTCCAATAGCGTATATTAAAGTTGTTGCAGTTAAAAAGCTCGTAGTTGGATTTTGGACATCGGCCGTCGGTCCGCCGCAAGGTGAGTACTAACGGGTGTTGTCTTCCGGCTGAAGGCTGTGCGTGCTCTTTGAGTGCGCATAGAATTCAGCCAATTTACTTTGAAAAAATTAGAGTGTTCAAAGCAGGCCTTTGGCTTGAATACATTAGCATGGAATAACAGAATAGGACTTTGGCTCTATTTTGTTGGTTTCTAGGACCGAAGTAATGATTAATAGGGATAGTTGGGGGCATTAATATTTAATTGTCAGAGGTGAAATTCTTTGATTTATGAAAGATTAACTTCTGCGAAAGCATTTGCCAAGGATGTTTTCATCG";"ATTCCAGCTCCAATAGCGTATATTAAAGTTGTTGCAGTTAAAAAGCTCGTAGTTGGATTTTGGACATCGGCCGTCGGTCCGCCGCAAGGTGAGTACTAACGGGTGTTGTCTTCCGGCTGAAGGCTGTGCGTGCTCTTTGAGTGCGCATAGAATTCAGCCAATTTACTTTGAAAAAATTAGAGTGTTCAAAGCAGGCCTTTGGCTTGAATACATTAGCATGGAATAACAGAATAGGACTTTGGCTCTATTTTGTTGGTTTCTAGGACCGAAGTAATGATTAATAGGGATAGTTGGGGGCATTAATATTTAATTGTCAGAGGTGAAATTCTTTGATTTATGAAAGATTAACTTCTGCGAAAGCATTTGCCAAGGATGTTTTCATCG";"ASV_2321";"Eukaryota";NA;NA;NA;NA;NA;NA;NA
"ATTCCAGCTCCAATAGCGTATATTAAAGTTGTTGCGGTTAAAACGCTCGTAGTTGAATATTTGTCAAGGATCTGGAGTCTGCCCAAGTGGTTAGAACTCTGGATTTTTTGGCCTACTTTTCGGGAACTAGTGCGTACTTAATTGTATGTACTCGATTCCAAAATATTTACTTTGAGGAATTCAGAGTGCTTCAGGCGGGCGTTTGCCACGAATACTCTAGCATGGAATAATAGCATTGATCTAAGTTCAAAGCTGTTGGTTGCTCGAACTTTGATTAAGGTAAACAGAAACAGTTGGGGGTATTCGTATTTAACTGTCAGAGGTGAAATTCTTGGATTAGTTAAAGACGAACTACTGCGAAAGCATTTGCCAAGGATGTTTTCATTG";"ATTCCAGCTCCAATAGCGTATATTAAAGTTGTTGCGGTTAAAACGCTCGTAGTTGAATATTTGTCAAGGATCTGGAGTCTGCCCAAGTGGTTAGAACTCTGGATTTTTTGGCCTACTTTTCGGGAACTAGTGCGTACTTAATTGTATGTACTCGATTCCAAAATATTTACTTTGAGGAATTCAGAGTGCTTCAGGCGGGCGTTTGCCACGAATACTCTAGCATGGAATAATAGCATTGATCTAAGTTCAAAGCTGTTGGTTGCTCGAACTTTGATTAAGGTAAACAGAAACAGTTGGGGGTATTCGTATTTAACTGTCAGAGGTGAAATTCTTGGATTAGTTAAAGACGAACTACTGCGAAAGCATTTGCCAAGGATGTTTTCATTG";"ASV_2330";"Eukaryota";NA;NA;NA;NA;NA;NA;NA
"ATTCCAGCTCCAATAGCGTATATCAATGTTGTTGTGTTTAAAAAGCTCGTAGTCGGAACAAGGTTACCACGCTCAAGTCGCTTGCGACAAAAGCTAGTAGACCTGGAGGAGAACGCAAGACAAATGACCTTAAACGGCCGTTTGACCTTGGTTCAGATTTACTTTGAAAAAATTAGGGTGCTAAAGGCAAGCACGAGGCGGTGTATAAAAATGCATGGAATAATAGAACAAGAAGTTCATATTTGTTGTGTTGGTCTCAAATATATCTTAATGATAAATAGAGACAGACGGGGGTATATGTATTCAAACGCTAGAGGTGAAATTCTTGGACCGTTTGAAGACAACCAAAAGCGAAAGCATATACCAAGTATGTTTTCATTG";"ATTCCAGCTCCAATAGCGTATATCAATGTTGTTGTGTTTAAAAAGCTCGTAGTCGGAACAAGGTTACCACGCTCAAGTCGCTTGCGACAAAAGCTAGTAGACCTGGAGGAGAACGCAAGACAAATGACCTTAAACGGCCGTTTGACCTTGGTTCAGATTTACTTTGAAAAAATTAGGGTGCTAAAGGCAAGCACGAGGCGGTGTATAAAAATGCATGGAATAATAGAACAAGAAGTTCATATTTGTTGTGTTGGTCTCAAATATATCTTAATGATAAATAGAGACAGACGGGGGTATATGTATTCAAACGCTAGAGGTGAAATTCTTGGACCGTTTGAAGACAACCAAAAGCGAAAGCATATACCAAGTATGTTTTCATTG";"ASV_2347";"Eukaryota";NA;NA;NA;NA;NA;NA;NA
"ATTCCAGCTCCAATAGCGTATATTAAAGTTGTTGCAGTTAAAAAGCTCGTAGTTGGATTTTGGACATCGGCCGTCGGTCCGCCGCAAGGTGAGTACTAACGGGTGTTGTCTTCCGGCTGAAGGCTGTGCGTGCTCTTTGAGTGCGCATAGAATTCAGCCAATTTACTTTGAAAAAATTAGAGTGTTCAAAGCAGGCCTTTGGCTTGAATACATTAGCATGGAATAACAGAATAGGACTTTGGTTCTATTTTGTTGGTTTCTAGGACCGAAGTAATGATTAATAGGGATAGTTGGGGGCATTAATATTTAATTGTCAGAGGTGAAATTCTTTGATTTATGAAAGATTAACTTCTGCGAAAGCATTTGCCAAGGATGTTTTCATCG";"ATTCCAGCTCCAATAGCGTATATTAAAGTTGTTGCAGTTAAAAAGCTCGTAGTTGGATTTTGGACATCGGCCGTCGGTCCGCCGCAAGGTGAGTACTAACGGGTGTTGTCTTCCGGCTGAAGGCTGTGCGTGCTCTTTGAGTGCGCATAGAATTCAGCCAATTTACTTTGAAAAAATTAGAGTGTTCAAAGCAGGCCTTTGGCTTGAATACATTAGCATGGAATAACAGAATAGGACTTTGGTTCTATTTTGTTGGTTTCTAGGACCGAAGTAATGATTAATAGGGATAGTTGGGGGCATTAATATTTAATTGTCAGAGGTGAAATTCTTTGATTTATGAAAGATTAACTTCTGCGAAAGCATTTGCCAAGGATGTTTTCATCG";"ASV_2423";"Eukaryota";NA;NA;NA;NA;NA;NA;NA
"ATTCCAGCTCCAGTAGCATATATTCAAGCTGCTGCGGTTAAAAAGTTCGTAGTCCTGGTTTCGCCGCGGGGTGCAGACCTGTCTGATTGGATGGGTCTGCATGCTTTGGCATTTCTTCAGCTTGTTCTTGCGCTTCACTGCGTGGGTTCATGCTGGGAGCTATCACCTCGAGGAAATTAGAGTGCTTCAAGCAGGCTAGTGCTTGCATACATTAGCATGGAATGAAAATAAGAGGCTCAGTGCTCTTGGCTGGCTTTGAGTACTGAGGAGAAGATTGATAGGGTCAGTTGGGGGCATTCGTATTTGACTGTCAGAGGTGAAATTCTTGAATTCGTTAAGGTCGTCCTATTGCGAAAGCATTTGCCAAAGATGTTTTCATCA";"ATTCCAGCTCCAGTAGCATATATTCAAGCTGCTGCGGTTAAAAAGTTCGTAGTCCTGGTTTCGCCGCGGGGTGCAGACCTGTCTGATTGGATGGGTCTGCATGCTTTGGCATTTCTTCAGCTTGTTCTTGCGCTTCACTGCGTGGGTTCATGCTGGGAGCTATCACCTCGAGGAAATTAGAGTGCTTCAAGCAGGCTAGTGCTTGCATACATTAGCATGGAATGAAAATAAGAGGCTCAGTGCTCTTGGCTGGCTTTGAGTACTGAGGAGAAGATTGATAGGGTCAGTTGGGGGCATTCGTATTTGACTGTCAGAGGTGAAATTCTTGAATTCGTTAAGGTCGTCCTATTGCGAAAGCATTTGCCAAAGATGTTTTCATCA";"ASV_2432";"Eukaryota";NA;NA;NA;NA;NA;NA;NA
"ATTCCAGCTCCAATAGCGTATATTAAAGTTGTTGCAGTTAAAAAGCTCGTAGTTGGATTTTGGACATCGCTTGTTGGTCCGCCGTATAGGTGAGTACTGACGGGTGGAGTCTTCCGGCTGAAGGCCTCGTGTGCTCTTTATTGAGTATGCGTGGAATTCAGCCAACTTACTTTGAAAAAATTAGAGTGTTCAAAGCAGGCCTTTGGCTTGAATACATTAGCATGGAATAACAGAATAGGACTTTGGTTCTATTTTGTTGGTTTCTAGGACCGAAGTAATGATTAATAGGGATAGTTGGGGGCATTAATATTTAATTGTCAGAGGTGAAATTCTTTGATTTATGAAAGATTAACTTCTGCGAAAGCATTTGCCAAGGATGTTTTCATCG";"ATTCCAGCTCCAATAGCGTATATTAAAGTTGTTGCAGTTAAAAAGCTCGTAGTTGGATTTTGGACATCGCTTGTTGGTCCGCCGTATAGGTGAGTACTGACGGGTGGAGTCTTCCGGCTGAAGGCCTCGTGTGCTCTTTATTGAGTATGCGTGGAATTCAGCCAACTTACTTTGAAAAAATTAGAGTGTTCAAAGCAGGCCTTTGGCTTGAATACATTAGCATGGAATAACAGAATAGGACTTTGGTTCTATTTTGTTGGTTTCTAGGACCGAAGTAATGATTAATAGGGATAGTTGGGGGCATTAATATTTAATTGTCAGAGGTGAAATTCTTTGATTTATGAAAGATTAACTTCTGCGAAAGCATTTGCCAAGGATGTTTTCATCG";"ASV_2599";"Eukaryota";NA;NA;NA;NA;NA;NA;NA
"ATTCCAGCTCCAATAGCGTATATTAAAGTTGTTGCAGTTAAAAAGCTCGTAGTTGGATTTTGGACATTGGCCGTTGGTCCGCCGAAAGGTGAGTACTAACGGGTGTTGTCTTCCGGCTGAAGGCTGTATGTGCTATTGTGCGTACAGAATTCAGCCAATTTACTTTGAAAAAATTAGAGTGTTCAAAGCAGGCCTTTGGCTTGAATACATTAGCATGGAATAACAGAATAGGACTTTGGCTCTATTTTGTTGGTTTCTAGGACCGAAGTAATGATTAATAGGGATAGTTGGGGGCATTAATATTTAATTGTCAGAGGTGAAATTCTTTGATTTATGAAAGATTAACTTCTGCGAAAGCATTTGCCAAGGATGTTTTCATTA";"ATTCCAGCTCCAATAGCGTATATTAAAGTTGTTGCAGTTAAAAAGCTCGTAGTTGGATTTTGGACATTGGCCGTTGGTCCGCCGAAAGGTGAGTACTAACGGGTGTTGTCTTCCGGCTGAAGGCTGTATGTGCTATTGTGCGTACAGAATTCAGCCAATTTACTTTGAAAAAATTAGAGTGTTCAAAGCAGGCCTTTGGCTTGAATACATTAGCATGGAATAACAGAATAGGACTTTGGCTCTATTTTGTTGGTTTCTAGGACCGAAGTAATGATTAATAGGGATAGTTGGGGGCATTAATATTTAATTGTCAGAGGTGAAATTCTTTGATTTATGAAAGATTAACTTCTGCGAAAGCATTTGCCAAGGATGTTTTCATTA";"ASV_2600";"Eukaryota";NA;NA;NA;NA;NA;NA;NA
"ATTCCACTCCCCTCGCTGGCCAACTGCGATATCAATAATGTCTCCCTCCATTAAAGTACGTGAAAACACGATCTGTGCTCCTCGACCCCTAACCTGACCACCATTACCGCCCTCTGCACCATTTAGCTCGAATTCATACGTCCCTGTGTACGGGACAACCCACTGCTGGAAGCCGTTTTGGACTTCTACTGAGAAGTTGGAATATGCTTGGTCACAATCCTCTTGCGATGGGCCAATAGAACCAACAGCTCCGCAAGGCGAGAATATGAATGGCCCCACATATAGCGACTCCACATCATAACAATTCCCACAATCGTCATCG";"ATTCCACTCCCCTCGCTGGCCAACTGCGATATCAATAATGTCTCCCTCCATTAAAGTACGTGAAAACACGATCTGTGCTCCTCGACCCCTAACCTGACCACCATTACCGCCCTCTGCACCATTTAGCTCGAATTCATACGTCCCTGTGTACGGGACAACCCACTGCTGGAAGCCGTTTTGGACTTCTACTGAGAAGTTGGAATATGCTTGGTCACAATCCTCTTGCGATGGGCCAATAGAACCAACAGCTCCGCAAGGCGAGAATATGAATGGCCCCACATATAGCGACTCCACATCATAACAATTCCCACAATCGTCATCG";"ASV_2636";"Eukaryota";NA;NA;NA;NA;NA;NA;NA
"ATTCCTAAAGAAATCCCAAGTGTTTCGCCAATACCAATTAGTGCAATACCTACTGTTGCAGAGGTGGTCCAACTACTCCCAGTAGCTAAAGAAATAATGGCACAAATAAGCACACACGCTACAAGAAAAAATGTGGGATTTAAAATTTGTAAACCATAATAAATCATTGTTGGAATAATCCCACTTACCATCCATGTTCCTGCCAAAGCACCAACCATAAGAAGTATTAGAAGAGCTCCAGTAGTTGTTTTTAGGTTTTCGGCAACTTCATCA";"ATTCCTAAAGAAATCCCAAGTGTTTCGCCAATACCAATTAGTGCAATACCTACTGTTGCAGAGGTGGTCCAACTACTCCCAGTAGCTAAAGAAATAATGGCACAAATAAGCACACACGCTACAAGAAAAAATGTGGGATTTAAAATTTGTAAACCATAATAAATCATTGTTGGAATAATCCCACTTACCATCCATGTTCCTGCCAAAGCACCAACCATAAGAAGTATTAGAAGAGCTCCAGTAGTTGTTTTTAGGTTTTCGGCAACTTCATCA";"ASV_2640";"Eukaryota";NA;NA;NA;NA;NA;NA;NA
"ATTCCAGCTCTATTAGCATATATTAAAGTTGCTGCAATTAAAACGCTCGTAGTCGAACTTTTAATTTTTTATAGAGGTCTAAGATTTTAGTACTTTTATATGGATTATTATATATTACCTTGAATAATTTAGAGTGTTCAAAGCAAGCATACGCTTGAATACATTAGCATGGAATAATGAAAAATGACTTTTTTTATTGGTTATAAAATTAGTAATGATGAATAGGGACAGTTGGGGGCATTTGTATTTAAAAAGTAGAGGTGAAATTCATGAATTTTTTAAAGACAAACTAAAGCGAAAGCATTTGCCAAGGATGTTTTCATCA";"ATTCCAGCTCTATTAGCATATATTAAAGTTGCTGCAATTAAAACGCTCGTAGTCGAACTTTTAATTTTTTATAGAGGTCTAAGATTTTAGTACTTTTATATGGATTATTATATATTACCTTGAATAATTTAGAGTGTTCAAAGCAAGCATACGCTTGAATACATTAGCATGGAATAATGAAAAATGACTTTTTTTATTGGTTATAAAATTAGTAATGATGAATAGGGACAGTTGGGGGCATTTGTATTTAAAAAGTAGAGGTGAAATTCATGAATTTTTTAAAGACAAACTAAAGCGAAAGCATTTGCCAAGGATGTTTTCATCA";"ASV_2745";"Eukaryota";NA;NA;NA;NA;NA;NA;NA
"ATTCCTATGGGCTTATGAAAAGCCAAATAAATGTTTTTCACTTCTTTCGTGATGACTTGTTCGTCGATGGTAATCGAGTCACTTTTGGTTACTTTTAACCCCAATCCAGCGGTTTCTCCGTTGACTTTGACTTTTCCATTTTCAATGAGTTTGTCGGCAGCTCTTCGGGAACAATATCCGGTCTCAGAAATCGCCTTGTTCAGTCTTTTAGTCTCCTCCATTTTTCGATTTTTATATGATGAGTTAGCTTGTTCATTG";"ATTCCTATGGGCTTATGAAAAGCCAAATAAATGTTTTTCACTTCTTTCGTGATGACTTGTTCGTCGATGGTAATCGAGTCACTTTTGGTTACTTTTAACCCCAATCCAGCGGTTTCTCCGTTGACTTTGACTTTTCCATTTTCAATGAGTTTGTCGGCAGCTCTTCGGGAACAATATCCGGTCTCAGAAATCGCCTTGTTCAGTCTTTTAGTCTCCTCCATTTTTCGATTTTTATATGATGAGTTAGCTTGTTCATTG";"ASV_2784";"Eukaryota";NA;NA;NA;NA;NA;NA;NA
"ATTCCAGCTCCAATAGCGTATATTAAAGTTGTTGCAGTTAAAAAGCTCGTAGTTGGATTTTGGACATCGGCCGTCGGTCCGCCGCAAGGTGAGTACTAACGGGTAGTGTCTTCCGGCTGAAGGCTGTGTGTGCTTTTAGTGTGCGCAGAATTCAGCCAATTTACTTTGAAAAAATTAGAGTGTTCAAAGCAGGCCTTTGGCTTGAATACATTAGCATGGAATAACAGAATAGGACTTTGGTTCTATTTTGTTGGTTTCTAGGACCGAAGTAATGATTAATAGGGATAGTTGGGGGCATTAATATTTAATTGTCAGAGGTGAAATTCTTTGATTTATGAAAGATTAACTTCTGCGAAAGCATTTGCCAAGGATGTTTTCATCA";"ATTCCAGCTCCAATAGCGTATATTAAAGTTGTTGCAGTTAAAAAGCTCGTAGTTGGATTTTGGACATCGGCCGTCGGTCCGCCGCAAGGTGAGTACTAACGGGTAGTGTCTTCCGGCTGAAGGCTGTGTGTGCTTTTAGTGTGCGCAGAATTCAGCCAATTTACTTTGAAAAAATTAGAGTGTTCAAAGCAGGCCTTTGGCTTGAATACATTAGCATGGAATAACAGAATAGGACTTTGGTTCTATTTTGTTGGTTTCTAGGACCGAAGTAATGATTAATAGGGATAGTTGGGGGCATTAATATTTAATTGTCAGAGGTGAAATTCTTTGATTTATGAAAGATTAACTTCTGCGAAAGCATTTGCCAAGGATGTTTTCATCA";"ASV_2793";"Eukaryota";NA;NA;NA;NA;NA;NA;NA
"ATTCCAGCTCCAAGAGCGTATATTAAAGTTGCTGCGGTTAAAAAGCTCGTAGTTGGATTTCAGTCTAGGAAGGTTAACTCGCCGAAAGGTTGTACGTTGATTTTCCTCAGACTTCGTCAGAAGCTCGTGCTGCACTTAACTGTGTGGTACGATGTTCTGACCTTTTACCTTGAGGAAAGTAGAGTGTTTCAGGCAGGCTACCCAGCTTGAATACATTAGCATGGAATAATGAAATGGATCTCGGTTCGATTTCGTTGGTTCTAGAGCTGAGGTGATGATCAATAGGAACAGGCGAAGGTATTCGTACTTGAGAGTGAGGAGTGAAATCCGATGATCTCTTAAAGACGATCCGAGGCGAAAGCATTTGTCAAGGATGTTTTCATTA";"ATTCCAGCTCCAAGAGCGTATATTAAAGTTGCTGCGGTTAAAAAGCTCGTAGTTGGATTTCAGTCTAGGAAGGTTAACTCGCCGAAAGGTTGTACGTTGATTTTCCTCAGACTTCGTCAGAAGCTCGTGCTGCACTTAACTGTGTGGTACGATGTTCTGACCTTTTACCTTGAGGAAAGTAGAGTGTTTCAGGCAGGCTACCCAGCTTGAATACATTAGCATGGAATAATGAAATGGATCTCGGTTCGATTTCGTTGGTTCTAGAGCTGAGGTGATGATCAATAGGAACAGGCGAAGGTATTCGTACTTGAGAGTGAGGAGTGAAATCCGATGATCTCTTAAAGACGATCCGAGGCGAAAGCATTTGTCAAGGATGTTTTCATTA";"ASV_2979";"Eukaryota";NA;NA;NA;NA;NA;NA;NA
"ATTCCAGCTCCAATAGCGTATATTAAAGTTGTTGCAGTTAAAAAGCTCGTAGTTGGATTTTGGACATCGCTTGTTGGTCCGCCGTATAGGTGAGTACTGACGGGTGGAGTCTTCCGGCTGAAGGCCTCGTGTGCTCTTTATTGAGTATGCGTGGAATTCAGCCAACTTACTTTGAAAAAATTAGAGTGTTCAAAGCAGGCCTTTGGCTTGAATACATTAGCATGGAATAACAGAATAGGACTTTGGTTCTATTTTGTTGGTTTCTAGGACCGAAGTAATGATTAATAGGGATAGTTGGGGGCATTAATATTTAATTGTCAGAGGTGAAATTCTTTGATTTATGAAAGATTAACTTCTGCGAAAGCATTTGCCAAGGATGTTTTCATCA";"ATTCCAGCTCCAATAGCGTATATTAAAGTTGTTGCAGTTAAAAAGCTCGTAGTTGGATTTTGGACATCGCTTGTTGGTCCGCCGTATAGGTGAGTACTGACGGGTGGAGTCTTCCGGCTGAAGGCCTCGTGTGCTCTTTATTGAGTATGCGTGGAATTCAGCCAACTTACTTTGAAAAAATTAGAGTGTTCAAAGCAGGCCTTTGGCTTGAATACATTAGCATGGAATAACAGAATAGGACTTTGGTTCTATTTTGTTGGTTTCTAGGACCGAAGTAATGATTAATAGGGATAGTTGGGGGCATTAATATTTAATTGTCAGAGGTGAAATTCTTTGATTTATGAAAGATTAACTTCTGCGAAAGCATTTGCCAAGGATGTTTTCATCA";"ASV_3034";"Eukaryota";NA;NA;NA;NA;NA;NA;NA
"ATTCCTGGAAGTATTGGAGTCCTGGTTTCCAAGGTTGTGGCAGACGCGTCACTGGCGCTGGGATGCGATTGATGGCCTCAGCTGCATTGGATTCAACAGGCAACAGGCAAGACATCTGGGCCAGGATCTGCCGGCTTGGCACATCAAACAAAATTGCCCCGATTTCAAGGCAGTGATCGTCTTTAGGGTCCAGGCCTGAGGTTTCCGTATCATTGATCAAGAACG";"ATTCCTGGAAGTATTGGAGTCCTGGTTTCCAAGGTTGTGGCAGACGCGTCACTGGCGCTGGGATGCGATTGATGGCCTCAGCTGCATTGGATTCAACAGGCAACAGGCAAGACATCTGGGCCAGGATCTGCCGGCTTGGCACATCAAACAAAATTGCCCCGATTTCAAGGCAGTGATCGTCTTTAGGGTCCAGGCCTGAGGTTTCCGTATCATTGATCAAGAACG";"ASV_3080";"Eukaryota";NA;NA;NA;NA;NA;NA;NA
"ATTCCTGGAAGTATTGGAGTCCTGGTTTCCAAGGTTGTGGCAGACGCGTCACTGGCGCTGGGATGCGATTGATGGCCTCAGCTGCATTGGATTCAACAGGCAACAGGCAAGACATCTGGGCCAGGATCTGCCGGCTTGGCACATCAAACAAAATTGCCCCGATTTCAAGGCAGTGATCGTCTTTAGGGTCCAGGCCTGAGGTTTCCGTATCATCGATCAAGAACG";"ATTCCTGGAAGTATTGGAGTCCTGGTTTCCAAGGTTGTGGCAGACGCGTCACTGGCGCTGGGATGCGATTGATGGCCTCAGCTGCATTGGATTCAACAGGCAACAGGCAAGACATCTGGGCCAGGATCTGCCGGCTTGGCACATCAAACAAAATTGCCCCGATTTCAAGGCAGTGATCGTCTTTAGGGTCCAGGCCTGAGGTTTCCGTATCATCGATCAAGAACG";"ASV_3129";"Eukaryota";NA;NA;NA;NA;NA;NA;NA
"ATTCCGACTCCAAATCTTTTTCAACATGAATGAGAAGACATGGTCTTTTCAATTTCAATGCAACATTTTCTGCAACCTGTTCATTATGGGATTTGAAGAAATCAAGCGCTCTAAGGAATGACTTCTCAACATCAGTGTCACTATTCAAAGTCCAAAACTGTTGAAACGGATCAACATTGTCTGCAATTTTTTCTTCAGGGGCATAAATAGACCCATCTTCTAACACTTTTGGGAGATCGACCCTGTATTTTATTGCAGATGATCCAAGAACTCGAAAGTATGATTTAATTTCATTA";"ATTCCGACTCCAAATCTTTTTCAACATGAATGAGAAGACATGGTCTTTTCAATTTCAATGCAACATTTTCTGCAACCTGTTCATTATGGGATTTGAAGAAATCAAGCGCTCTAAGGAATGACTTCTCAACATCAGTGTCACTATTCAAAGTCCAAAACTGTTGAAACGGATCAACATTGTCTGCAATTTTTTCTTCAGGGGCATAAATAGACCCATCTTCTAACACTTTTGGGAGATCGACCCTGTATTTTATTGCAGATGATCCAAGAACTCGAAAGTATGATTTAATTTCATTA";"ASV_3162";"Eukaryota";NA;NA;NA;NA;NA;NA;NA
"ATTCCAGCTCCAATAGCATATACTAGTGTTGTTGCGGTTAAAACGTTCGTAGTCGAATTATACACTTGCAGATCGATAGCAAACGATCAGGAAGTCTCTATTGGCATATCACCACAGAGCTTTAACATCTAAGGAGATGTGCCAATAAGTTACCTTGAAAAAATTATGGTGTTCATAGCAAGCATATAATGCTCTGGATATAATAGCATGGGATAACAACGCTTGGACTCCGACCCGTAGTGCGTTAGCGAATGGGATTGGAGGAATGATTAATAGGAGCAGTCGGGGGTAGTCGTATTCCATCGCTAGAGGTGAAATTCTTTGACCGATGGAGGACGAACAACTGCGAAAGCATCTACCCAGAATGTTTTCATCG";"ATTCCAGCTCCAATAGCATATACTAGTGTTGTTGCGGTTAAAACGTTCGTAGTCGAATTATACACTTGCAGATCGATAGCAAACGATCAGGAAGTCTCTATTGGCATATCACCACAGAGCTTTAACATCTAAGGAGATGTGCCAATAAGTTACCTTGAAAAAATTATGGTGTTCATAGCAAGCATATAATGCTCTGGATATAATAGCATGGGATAACAACGCTTGGACTCCGACCCGTAGTGCGTTAGCGAATGGGATTGGAGGAATGATTAATAGGAGCAGTCGGGGGTAGTCGTATTCCATCGCTAGAGGTGAAATTCTTTGACCGATGGAGGACGAACAACTGCGAAAGCATCTACCCAGAATGTTTTCATCG";"ASV_3182";"Eukaryota";NA;NA;NA;NA;NA;NA;NA
"ATTCCAGCTCCAATAGCGTATATTAAAGTTGTTGCAGTTAAAAAGCTCGTAGTTGGATTTTGGACATCGACCGTCGGTCCGCCATTTGGTGAGTACTAACGGGTAATGTCTTCCGGCTGAAGGCTGTGTGTGCTCTTGTAGTGTGCACGGAATTCAGCCAATTTACTTTGAAAAAATTAGAGTGTTCAAAGCAGGCCTTTGGCTTGAATACATTAGCATGGAATAACAGAATAGGACTTTGGTTCTATTTTGTTGGTTTCTAGGACCGAAGTAATGATTAATAGGGATAGTTGGGGGCATTAATATTTAATTGTCAGAGGTGAAATTCTTTGATTTATGAAAGATTAACTTCTGCGAAAGCATTTGCCAAGGATGTTTTCATCA";"ATTCCAGCTCCAATAGCGTATATTAAAGTTGTTGCAGTTAAAAAGCTCGTAGTTGGATTTTGGACATCGACCGTCGGTCCGCCATTTGGTGAGTACTAACGGGTAATGTCTTCCGGCTGAAGGCTGTGTGTGCTCTTGTAGTGTGCACGGAATTCAGCCAATTTACTTTGAAAAAATTAGAGTGTTCAAAGCAGGCCTTTGGCTTGAATACATTAGCATGGAATAACAGAATAGGACTTTGGTTCTATTTTGTTGGTTTCTAGGACCGAAGTAATGATTAATAGGGATAGTTGGGGGCATTAATATTTAATTGTCAGAGGTGAAATTCTTTGATTTATGAAAGATTAACTTCTGCGAAAGCATTTGCCAAGGATGTTTTCATCA";"ASV_3185";"Eukaryota";NA;NA;NA;NA;NA;NA;NA
"ATTCCAGCTCCAATAGCATATGTTAAAGTTGTTGCAGTTAAAACGCTCGTAGTCGGATTTCTGTGAAGGACAATGGGTCTGCCCTGTGGGTGAGTACTTGTTTTTCCTCCACATATCTTTGGATTTCGCAACTGCACTTGATTGTGTGGTGTGGTGTCCATTGGCATTACCTGGAGGAAATCAGAGTGTTTTGAGCATGTGCAGGGCCGTGTATACGCTAGCATGGAATGATACATTGTGGTGCTGTATTTATGTTATTGGTTGACAATGGTGCAAGGATTGATAGGGACAGTTGGGGGTGTTTGTATTTAACTGTCAGAGGTGAAATTCTTGGATCTGTTAAAGACAAGCCTTTGCGAACGCATTTGCCAAGGATGTTTTCATCG";"ATTCCAGCTCCAATAGCATATGTTAAAGTTGTTGCAGTTAAAACGCTCGTAGTCGGATTTCTGTGAAGGACAATGGGTCTGCCCTGTGGGTGAGTACTTGTTTTTCCTCCACATATCTTTGGATTTCGCAACTGCACTTGATTGTGTGGTGTGGTGTCCATTGGCATTACCTGGAGGAAATCAGAGTGTTTTGAGCATGTGCAGGGCCGTGTATACGCTAGCATGGAATGATACATTGTGGTGCTGTATTTATGTTATTGGTTGACAATGGTGCAAGGATTGATAGGGACAGTTGGGGGTGTTTGTATTTAACTGTCAGAGGTGAAATTCTTGGATCTGTTAAAGACAAGCCTTTGCGAACGCATTTGCCAAGGATGTTTTCATCG";"ASV_3226";"Eukaryota";NA;NA;NA;NA;NA;NA;NA
"TCCGATCTCCAGCAGCTGCGGTAATTCCAGACAAACGTCCTCGTCCACCTCCTTTGATATTAATAATAGATTGCCCAATCATGGCACAACCACCCATTCCTCCAAACAAACCTGTAAGAATATTAGCACCACCTTGGGCAATACATTCTCGGTTGGTATTTCCTCGGGTTTCTGTTAGGTCATCAATCAAGAACGAAAGTAGATCGGAAGAGCACACGTCTGAACTCCAGTCACGTCAGGATCTCGTA";"TCCGATCTCCAGCAGCTGCGGTAATTCCAGACAAACGTCCTCGTCCACCTCCTTTGATATTAATAATAGATTGCCCAATCATGGCACAACCACCCATTCCTCCAAACAAACCTGTAAGAATATTAGCACCACCTTGGGCAATACATTCTCGGTTGGTATTTCCTCGGGTTTCTGTTAGGTCATCAATCAAGAACGAAAGTAGATCGGAAGAGCACACGTCTGAACTCCAGTCACGTCAGGATCTCGTA";"ASV_3228";"Eukaryota";NA;NA;NA;NA;NA;NA;NA
"ATTCCAGCTCCAGTAGCATATATTCAAGCTGCTGCGGTTAAAAAGTTCGTAGTCCTGGTTTCGCCGCGGGGTGCAGACCTGTCTGATTGGATGGGTCTGCATGCTTTGGCATTTCTTCAGCTTGTTCTTGCGCTTCACTGCGTGGGTTCATGCTGGGAGCTATCACCTCGAGGAAATTAGAGTGCTTCAAGCAGGCTAGTGCTTGCATACATTAGCATGGAATGAAAATAAGAGGCTCAGTGCTCTTGGCTGGCTTTGAGTACTGAGGAGAAGATTGATAGGGTCAGTTGGGGGCATTCGTATTTGACTGTCAGAGGTGAAATTCTTGAATTCGTTAAGGTCGTCCTATTGCGAAAGCATTTGCCAAAGATGTTTTCATTA";"ATTCCAGCTCCAGTAGCATATATTCAAGCTGCTGCGGTTAAAAAGTTCGTAGTCCTGGTTTCGCCGCGGGGTGCAGACCTGTCTGATTGGATGGGTCTGCATGCTTTGGCATTTCTTCAGCTTGTTCTTGCGCTTCACTGCGTGGGTTCATGCTGGGAGCTATCACCTCGAGGAAATTAGAGTGCTTCAAGCAGGCTAGTGCTTGCATACATTAGCATGGAATGAAAATAAGAGGCTCAGTGCTCTTGGCTGGCTTTGAGTACTGAGGAGAAGATTGATAGGGTCAGTTGGGGGCATTCGTATTTGACTGTCAGAGGTGAAATTCTTGAATTCGTTAAGGTCGTCCTATTGCGAAAGCATTTGCCAAAGATGTTTTCATTA";"ASV_3231";"Eukaryota";NA;NA;NA;NA;NA;NA;NA
"ATTCCAGCTCCAATAGCGTATCCTAAAGTTGTTGCGGTTAAAAAGCTCGTAGTTGGACTTCTACGAAGGACTGCCGGTCCGCCCTTTGGGTGTGACACGGTCTGGCCTCCGTATTTGCGCCGGGATCGGTTCGCCGAGTTCGGTGCCATTTACCCTGAGGAAATCAGAGTGTTCGCAGCAGGCTATTGCCTTGAATGTTGTAGCATGGGATAATAACATAAGCGTGTGTCGCTCCTGTTGGTTCAAGTGGCAGACGCGAAGATTAATAGGAACAGTTGGGGGCATTCGTATTCTGATGTCAGAGGTGAAATTCTTGGATTTTCAGAGGACGTACTACTGCGAAAGCATTTGCCAAGGATGTTTTCATCG";"ATTCCAGCTCCAATAGCGTATCCTAAAGTTGTTGCGGTTAAAAAGCTCGTAGTTGGACTTCTACGAAGGACTGCCGGTCCGCCCTTTGGGTGTGACACGGTCTGGCCTCCGTATTTGCGCCGGGATCGGTTCGCCGAGTTCGGTGCCATTTACCCTGAGGAAATCAGAGTGTTCGCAGCAGGCTATTGCCTTGAATGTTGTAGCATGGGATAATAACATAAGCGTGTGTCGCTCCTGTTGGTTCAAGTGGCAGACGCGAAGATTAATAGGAACAGTTGGGGGCATTCGTATTCTGATGTCAGAGGTGAAATTCTTGGATTTTCAGAGGACGTACTACTGCGAAAGCATTTGCCAAGGATGTTTTCATCG";"ASV_3315";"Eukaryota";NA;NA;NA;NA;NA;NA;NA
"TCCGATCTCCAGCAGCTGCGGTAATTCCCGATAAGCGACCTCGACCACCCGAGCGAATATTAATGATACTTTGTCCAATCATGGCACAGCCTCCCATGCCTCCAAAGAAACCGGTTACCACATTTGCGATTCCCTGTCCTAGGCATTCTTTGGTACTGTTTCCGCGGGTCTCTGTAAGTTCATCGATCAAGAACGAAAGTAGATCGGAAGAGCACACGTCTGAACTCCAGTCACTTCGCAATCTCGTA";"TCCGATCTCCAGCAGCTGCGGTAATTCCCGATAAGCGACCTCGACCACCCGAGCGAATATTAATGATACTTTGTCCAATCATGGCACAGCCTCCCATGCCTCCAAAGAAACCGGTTACCACATTTGCGATTCCCTGTCCTAGGCATTCTTTGGTACTGTTTCCGCGGGTCTCTGTAAGTTCATCGATCAAGAACGAAAGTAGATCGGAAGAGCACACGTCTGAACTCCAGTCACTTCGCAATCTCGTA";"ASV_3349";"Eukaryota";NA;NA;NA;NA;NA;NA;NA
"TCCGATCTCCAGCACCTGCGGTAATTCCAGACAAACGTCCTCGTCCACCTCCTTTGATATTAATAATAGATTGCCCAATCATGGCACAACCACCCATTCCTCCAAACAAACCTGTAAGAATATTAGCACCACCTTGGGCAATACATTCTCGGTTGGTATTTCCTCGGGTTTCTGTTAGGTCATCAATCAAGAACGAAAGTAGATCGGAAGAGCACACGTCTGAACTCCAGTCACCCCACGATCTCGTA";"TCCGATCTCCAGCACCTGCGGTAATTCCAGACAAACGTCCTCGTCCACCTCCTTTGATATTAATAATAGATTGCCCAATCATGGCACAACCACCCATTCCTCCAAACAAACCTGTAAGAATATTAGCACCACCTTGGGCAATACATTCTCGGTTGGTATTTCCTCGGGTTTCTGTTAGGTCATCAATCAAGAACGAAAGTAGATCGGAAGAGCACACGTCTGAACTCCAGTCACCCCACGATCTCGTA";"ASV_3365";"Eukaryota";NA;NA;NA;NA;NA;NA;NA
"ATTCCAGCTCCAATAGCGTATACTAATGTTGTTGCGGTTAAAACGCTCGTAGTCGCAATTCAGATTGGCTGCCTAGCGCAAATCAATCAAGGCCAGAGCTCCAGAGCTCGTTAGCCCGTTACCTCGAATAAATCAAAGTGTTCAAAGCAGGAAATATCCTTGACTACACTAGCATGGAATAACATTATACGACTCCTCGTCTTTTGTTGGTCATGTTGAAGAGTAATGATGAATAGGAACAACCGGTGACATCCGTATCTGAAAGCCAGAGGTGAAATTCGTAGACCTTCCAAAGACGAACAAAGGCGAAAGCATTTGTCAAGAGTGTTTTCATTA";"ATTCCAGCTCCAATAGCGTATACTAATGTTGTTGCGGTTAAAACGCTCGTAGTCGCAATTCAGATTGGCTGCCTAGCGCAAATCAATCAAGGCCAGAGCTCCAGAGCTCGTTAGCCCGTTACCTCGAATAAATCAAAGTGTTCAAAGCAGGAAATATCCTTGACTACACTAGCATGGAATAACATTATACGACTCCTCGTCTTTTGTTGGTCATGTTGAAGAGTAATGATGAATAGGAACAACCGGTGACATCCGTATCTGAAAGCCAGAGGTGAAATTCGTAGACCTTCCAAAGACGAACAAAGGCGAAAGCATTTGTCAAGAGTGTTTTCATTA";"ASV_3380";"Eukaryota";NA;NA;NA;NA;NA;NA;NA
"TCCGATCTCCAGCAGCTGCGGTAATTCCAGATAGCTTGTTAAATAACCTAAAAAAGTTTTGGAACGTAGTAGATGCTAATGTTTGGGACTCTCTTTGGATGGCAACATTCTCTTTGCATTCAAGCGCTTGATGAACGCCTTCACTCATTCTTCTTCCTGGCATTGTTCTTCCGGTGTGTTCATTGATCAAGAACGAAAGTAGATCGGAAGAGCACACGTCTGAACTCCAGTCACGTCAGGATCTCGTA";"TCCGATCTCCAGCAGCTGCGGTAATTCCAGATAGCTTGTTAAATAACCTAAAAAAGTTTTGGAACGTAGTAGATGCTAATGTTTGGGACTCTCTTTGGATGGCAACATTCTCTTTGCATTCAAGCGCTTGATGAACGCCTTCACTCATTCTTCTTCCTGGCATTGTTCTTCCGGTGTGTTCATTGATCAAGAACGAAAGTAGATCGGAAGAGCACACGTCTGAACTCCAGTCACGTCAGGATCTCGTA";"ASV_3459";"Eukaryota";NA;NA;NA;NA;NA;NA;NA
"ATTCCTATGGGCTTATGAAAAGCCAAATAAATGTTTTTCACTTCTTTCGTGATGACTTGTTCGTCGATGGTAATCGAGTCACTTTTGGTTACTTTTACCCCCAATCCAGCGGTTTCTCCGTTGACTTTGACTTTTCCATTTTCAATGAGTTTGTCGGCAGCTCTTCGGGAACAATATCCGGTCTCAGAAATCGCCTTGTTCAGTCTTTTAGTCTCCTCCATTTTTCGATTTTTATATGATGAGTTAGCTTGTTCATTA";"ATTCCTATGGGCTTATGAAAAGCCAAATAAATGTTTTTCACTTCTTTCGTGATGACTTGTTCGTCGATGGTAATCGAGTCACTTTTGGTTACTTTTACCCCCAATCCAGCGGTTTCTCCGTTGACTTTGACTTTTCCATTTTCAATGAGTTTGTCGGCAGCTCTTCGGGAACAATATCCGGTCTCAGAAATCGCCTTGTTCAGTCTTTTAGTCTCCTCCATTTTTCGATTTTTATATGATGAGTTAGCTTGTTCATTA";"ASV_3460";"Eukaryota";NA;NA;NA;NA;NA;NA;NA
"ATTCCAGCTCCAATAGCGTATATTAAAATTGTTGCGGTTAAAAAGCTCGTAGTCTAAATTTGATTGACTGTGTGCGTGGAGGCAATTTTGCTTCCGTGTCATAACATTCAATTTATCTTCGAATGAAGATAATATTACTTTGAGGAAATTAGAGTGTTTAAAGCAAGCTCATGTTTTGAATAACGTAGCATGGAATAATGGTATAAGACTCTAGTCTTATTTCATTGGTTTAAGAGACTGGAGTAATGATTAATGGGAACAGTCGGGGGCATTCGTATTTAACTGTCAGAGGTGGAATTCTTGGATTTGTTAAAGACGAACAACTGCGAAAGCATTTGCCAAGAATGTCTTCATCG";"ATTCCAGCTCCAATAGCGTATATTAAAATTGTTGCGGTTAAAAAGCTCGTAGTCTAAATTTGATTGACTGTGTGCGTGGAGGCAATTTTGCTTCCGTGTCATAACATTCAATTTATCTTCGAATGAAGATAATATTACTTTGAGGAAATTAGAGTGTTTAAAGCAAGCTCATGTTTTGAATAACGTAGCATGGAATAATGGTATAAGACTCTAGTCTTATTTCATTGGTTTAAGAGACTGGAGTAATGATTAATGGGAACAGTCGGGGGCATTCGTATTTAACTGTCAGAGGTGGAATTCTTGGATTTGTTAAAGACGAACAACTGCGAAAGCATTTGCCAAGAATGTCTTCATCG";"ASV_3484";"Eukaryota";NA;NA;NA;NA;NA;NA;NA
"ATTCCAGCTCCAATAGCGTATATTAAAGTTGTTGCAGTTAAAAAGCTCGTAGTTGGACTTTAGGCGAGCCGGGCCGGTCCGCCACTGGCGGTACTAGCTCTGGCGAGCCTCACCTTCGGGAAACCAGCGTTCTGCGCTGGGGAACCGAGCCTTACTTTGAGAAAATTAGAGTGTTTAAAGCAGGCTTACGCTTGAATACTTCAGCATGGAATAACAAGATAGGACTTTGGTTTTATTTTGTTGGTTTGAGAACCAAAGTAATGATTAATAGGGACAGTTGGGGGCATTAGTATTCAGTAGTCAGAGGTGAAATTCTTGGATTTATTGAAGACTAACTAATGCGAAAGCATTTGCCAAGGATGTTTTCATCA";"ATTCCAGCTCCAATAGCGTATATTAAAGTTGTTGCAGTTAAAAAGCTCGTAGTTGGACTTTAGGCGAGCCGGGCCGGTCCGCCACTGGCGGTACTAGCTCTGGCGAGCCTCACCTTCGGGAAACCAGCGTTCTGCGCTGGGGAACCGAGCCTTACTTTGAGAAAATTAGAGTGTTTAAAGCAGGCTTACGCTTGAATACTTCAGCATGGAATAACAAGATAGGACTTTGGTTTTATTTTGTTGGTTTGAGAACCAAAGTAATGATTAATAGGGACAGTTGGGGGCATTAGTATTCAGTAGTCAGAGGTGAAATTCTTGGATTTATTGAAGACTAACTAATGCGAAAGCATTTGCCAAGGATGTTTTCATCA";"ASV_3495";"Eukaryota";NA;NA;NA;NA;NA;NA;NA
"ATTCCAGCTCCAATAGCGTATATTAAAGTTGTTGCAGTTAAAAAGCTCGTAGTTGGATTTTGGGGCGGGGTGAACGGTCGGCCTATTGGTATGTACTGTTTGCTACGTCCTTCCTTCTGGGGACCTTCTCTGCTCTTGAATGAGTGGGGTGTGGGACGCAGATCTTTTACTTTGAAAAAATTAGAGTGTTCAAAGCAGGCATTTGCTCTGAATACATTAGCATGGAATAATGGAATAGGACTTTGGTTCTATTTTGTTGGTTTCTAGGACCGAAGTAATGATTAATAGGGATGGTTGGGGGCGTTCGTATTGCGTTGTCAGAGGTGAAATTCTTGGATTTGCGCAAGACGAACTTCTGCGAAAGCATCCGCCAAGGACGTTTTCATCA";"ATTCCAGCTCCAATAGCGTATATTAAAGTTGTTGCAGTTAAAAAGCTCGTAGTTGGATTTTGGGGCGGGGTGAACGGTCGGCCTATTGGTATGTACTGTTTGCTACGTCCTTCCTTCTGGGGACCTTCTCTGCTCTTGAATGAGTGGGGTGTGGGACGCAGATCTTTTACTTTGAAAAAATTAGAGTGTTCAAAGCAGGCATTTGCTCTGAATACATTAGCATGGAATAATGGAATAGGACTTTGGTTCTATTTTGTTGGTTTCTAGGACCGAAGTAATGATTAATAGGGATGGTTGGGGGCGTTCGTATTGCGTTGTCAGAGGTGAAATTCTTGGATTTGCGCAAGACGAACTTCTGCGAAAGCATCCGCCAAGGACGTTTTCATCA";"ASV_3504";"Eukaryota";NA;NA;NA;NA;NA;NA;NA
"ATTCCAGCTCCAATAGCGTATATTAAAGTTGTTGCAGTTAAAAAGCTCGTAGTTGGATTTTGGACATCGCTTGTTGGTCCGCCGTATAGGTGAGTACTGACGGGTGGAGTCTTCCGGCTGAAGGCCTCGTGTGCTCTTTATTGAGTATGCGTGGAATTCAGCCAACTTACTTTGAAAAAATTAGAGTGTTCAAAGCAGGCCTTTGGCTTGAATACATTAGCATGGAATAACAGAATAGGACTTTGGTTCTATTTTGTTGGTTTCTAGGACCGAAGTAATGATTAATAGGGATAGTTGGGGGCATTAATATTTAATTGTCAGAGGTGAAATTCTTTGATTTATGAAAGATTAACTTCTGCGAAAGCATTTGCCAAGGATGTTTTCATTA";"ATTCCAGCTCCAATAGCGTATATTAAAGTTGTTGCAGTTAAAAAGCTCGTAGTTGGATTTTGGACATCGCTTGTTGGTCCGCCGTATAGGTGAGTACTGACGGGTGGAGTCTTCCGGCTGAAGGCCTCGTGTGCTCTTTATTGAGTATGCGTGGAATTCAGCCAACTTACTTTGAAAAAATTAGAGTGTTCAAAGCAGGCCTTTGGCTTGAATACATTAGCATGGAATAACAGAATAGGACTTTGGTTCTATTTTGTTGGTTTCTAGGACCGAAGTAATGATTAATAGGGATAGTTGGGGGCATTAATATTTAATTGTCAGAGGTGAAATTCTTTGATTTATGAAAGATTAACTTCTGCGAAAGCATTTGCCAAGGATGTTTTCATTA";"ASV_3534";"Eukaryota";NA;NA;NA;NA;NA;NA;NA
"ATTCCAGCTCCAATAGCGTATATTAAAGTTGTTGCAGTTAAAAAGCTCGTAGTTGGATTTTGGACATCATCTGTCGGTCCGCCTTATTGGTGAGTACTGATGGGTAGTGTCTTCCGGCTGGAGGCTTCTGTGTTCTTAACTGAGCGCAGTCGAATTCAGCCCATTTACTTTGAAAAAATTAGAGTGTTCAAAGCAGGCCTTTGGCTTGAATACATTAGCATGGAATAACAGAATAGGACTTTGGTTCTATTTTGTTGGTTTCTAGGACCGAAGTAATGATTAATAGGGATAGTTGGGGGCATTAATATTTAATTGTCAGAGGTGAAATTCTTTGATTTATGAAAGATTAACTTCTGCGAAAGCATTTGCCAAGGATGTTTTCATCA";"ATTCCAGCTCCAATAGCGTATATTAAAGTTGTTGCAGTTAAAAAGCTCGTAGTTGGATTTTGGACATCATCTGTCGGTCCGCCTTATTGGTGAGTACTGATGGGTAGTGTCTTCCGGCTGGAGGCTTCTGTGTTCTTAACTGAGCGCAGTCGAATTCAGCCCATTTACTTTGAAAAAATTAGAGTGTTCAAAGCAGGCCTTTGGCTTGAATACATTAGCATGGAATAACAGAATAGGACTTTGGTTCTATTTTGTTGGTTTCTAGGACCGAAGTAATGATTAATAGGGATAGTTGGGGGCATTAATATTTAATTGTCAGAGGTGAAATTCTTTGATTTATGAAAGATTAACTTCTGCGAAAGCATTTGCCAAGGATGTTTTCATCA";"ASV_3572";"Eukaryota";NA;NA;NA;NA;NA;NA;NA
"ATTCCTGCCCCCTCAGCTGGGACTCCATCAATCATTACAACACCTCCAACACCTCCATAATCAAATACAGTATTATCTCCATTAAAAATAATAATCACCAGAGCTGTCATTGTACATATTACTACAGTATCGATGAAAGGCTCTAACAAAGCAACCAATCCTTCAGAAGCTGCATAATTAGTTTTAACAGCTGAGTGCGCTATTGAAGCAGATCCAGCACCAGCTTCATTGGAAAATGCTGCTCTTCTAAATCCAGTAATTAAAACACCAAGTAATCCTCCAAGTCCTGCCTGTGGTGTAAAGGCCTGACTAAATATCATTCCAAATGCGTCATCG";"ATTCCTGCCCCCTCAGCTGGGACTCCATCAATCATTACAACACCTCCAACACCTCCATAATCAAATACAGTATTATCTCCATTAAAAATAATAATCACCAGAGCTGTCATTGTACATATTACTACAGTATCGATGAAAGGCTCTAACAAAGCAACCAATCCTTCAGAAGCTGCATAATTAGTTTTAACAGCTGAGTGCGCTATTGAAGCAGATCCAGCACCAGCTTCATTGGAAAATGCTGCTCTTCTAAATCCAGTAATTAAAACACCAAGTAATCCTCCAAGTCCTGCCTGTGGTGTAAAGGCCTGACTAAATATCATTCCAAATGCGTCATCG";"ASV_3605";"Eukaryota";NA;NA;NA;NA;NA;NA;NA
"ATTCCAGCTCCAATAGCGTATATTAAAGTTGTTGCAGTTAAAAAGCTCGTAGTTGGACTTTAGGCGAGCCGGGCCGGTCCGCCACTGGCGGTACTAGCTCTGGCGAGCCTCACCTTCGGGAAACCAGCGTTCTGCGCTGGGGAACCGAGCCTTACTTTGAGAAAATTAGAGTGTTTAAAGCAGGCTTACGCTTGAATACTTCAGCATGGAATAACAAGATAGGACTTTGGTTTTATTTTGTTGGTTTGAGAACCAAAGTAATGATTAATAGGGACAGTTGGGGGCATTAGTATTCAGTAGTCAGAGGTGAAATTCTTGGATTTATTGAAGACTAACTAATGCGAAAGCATTTGCCAAGGATGTTTTCATCG";"ATTCCAGCTCCAATAGCGTATATTAAAGTTGTTGCAGTTAAAAAGCTCGTAGTTGGACTTTAGGCGAGCCGGGCCGGTCCGCCACTGGCGGTACTAGCTCTGGCGAGCCTCACCTTCGGGAAACCAGCGTTCTGCGCTGGGGAACCGAGCCTTACTTTGAGAAAATTAGAGTGTTTAAAGCAGGCTTACGCTTGAATACTTCAGCATGGAATAACAAGATAGGACTTTGGTTTTATTTTGTTGGTTTGAGAACCAAAGTAATGATTAATAGGGACAGTTGGGGGCATTAGTATTCAGTAGTCAGAGGTGAAATTCTTGGATTTATTGAAGACTAACTAATGCGAAAGCATTTGCCAAGGATGTTTTCATCG";"ASV_3675";"Eukaryota";NA;NA;NA;NA;NA;NA;NA
"ATTCCAGCTCCAAAAGCGTATATTAAAGTTGTTGCGGTTAAAAAGCTCGTAGTTGGATTTCTGTCAATGGTGGCGTGGTCTCTGCTTTGCAGGGTATCTGCTGTTGCCATGGCATCCCGTTCCGATACGTGTTGGTGCTTAATTGCGTCTCACGGGTTGGTTCGCTTTTACTTTGAGGAAATTGGAGTGTTCACGGCAGGCATTCGCCTGGACATTTTAGCATGGAATAATAATATAGGTTTTCGTTCCTATTTTGTTGGTTTCTAGGAGTGAGAAAATGATTGCAGAGACGGATATGGGCATTGGTATTGCAGTGTCAGAGGTGGAATTCTTGGATTACTGTACGACCAACTGCTGCGAAAGCTTCTGTCAGAGACGTTTTCATCA";"ATTCCAGCTCCAAAAGCGTATATTAAAGTTGTTGCGGTTAAAAAGCTCGTAGTTGGATTTCTGTCAATGGTGGCGTGGTCTCTGCTTTGCAGGGTATCTGCTGTTGCCATGGCATCCCGTTCCGATACGTGTTGGTGCTTAATTGCGTCTCACGGGTTGGTTCGCTTTTACTTTGAGGAAATTGGAGTGTTCACGGCAGGCATTCGCCTGGACATTTTAGCATGGAATAATAATATAGGTTTTCGTTCCTATTTTGTTGGTTTCTAGGAGTGAGAAAATGATTGCAGAGACGGATATGGGCATTGGTATTGCAGTGTCAGAGGTGGAATTCTTGGATTACTGTACGACCAACTGCTGCGAAAGCTTCTGTCAGAGACGTTTTCATCA";"ASV_3722";"Eukaryota";NA;NA;NA;NA;NA;NA;NA
"ATTCCATCAATTCTCAGTGCTTGACCCATTGTTTTTGGTTTTATTTCTTTAAATTTAGCTTTTACCTCATTTGACAATCCTGAAAGGTTATCATAATTGATTTTATCAGGTATTATAAGGTTTTCATCTCTTTTAAAGGCTAAAATATCAGCTTTTTGCTTCTTCAAGTAACCCCTGTAATGAGCATTAATTTCAACCTGTTCATCAATCAAGAACGAAAGTAGA";"ATTCCATCAATTCTCAGTGCTTGACCCATTGTTTTTGGTTTTATTTCTTTAAATTTAGCTTTTACCTCATTTGACAATCCTGAAAGGTTATCATAATTGATTTTATCAGGTATTATAAGGTTTTCATCTCTTTTAAAGGCTAAAATATCAGCTTTTTGCTTCTTCAAGTAACCCCTGTAATGAGCATTAATTTCAACCTGTTCATCAATCAAGAACGAAAGTAGA";"ASV_3811";"Eukaryota";NA;NA;NA;NA;NA;NA;NA
"ATTCCTGCCCCCTCAGCTGGGACCCCATCAATCATTACAACACCTCCAACACCTCCATAATCAAATACAGTATTATCTCCATTAAAAATAATAATCACCAGAGCTGTCATTGTACATATTACTACAGTATCGATAAAAGGCTCTAACAAAGCAACCAATCCTTCAGAAGCTGCATAATTAGTTTTAACAGCTGAGTGCGCTATTGAAGCAGATCCAGCACCAGCTTCATTGGAAAATGCTGCTCTTCTAAATCCAGTAATTAAAACACCAAGTAATCCTCCAAGTCCTGCCTGTGGACTAAAGGCCTGACTAAATATCATTCCAAATGCGTCATCG";"ATTCCTGCCCCCTCAGCTGGGACCCCATCAATCATTACAACACCTCCAACACCTCCATAATCAAATACAGTATTATCTCCATTAAAAATAATAATCACCAGAGCTGTCATTGTACATATTACTACAGTATCGATAAAAGGCTCTAACAAAGCAACCAATCCTTCAGAAGCTGCATAATTAGTTTTAACAGCTGAGTGCGCTATTGAAGCAGATCCAGCACCAGCTTCATTGGAAAATGCTGCTCTTCTAAATCCAGTAATTAAAACACCAAGTAATCCTCCAAGTCCTGCCTGTGGACTAAAGGCCTGACTAAATATCATTCCAAATGCGTCATCG";"ASV_3823";"Eukaryota";NA;NA;NA;NA;NA;NA;NA
"ATTCCTGCTTGACGCATTCCACCTCCAAACACCTTTCTTACACGCCTAGATTGTTTTACAAATGATTTACTTCCGATAAGAAGCGAACCAACTGGCGCTCCCAACCCCTTTGATAGACACAAAGAAATAGAGTCAAATTGTGACGCATACACTTTAAAATCAACTCCATTTTCAACCATTGCATTCATTGATCAAGAACGAAAGTAGATCGGAAGAGCACACGTC";"ATTCCTGCTTGACGCATTCCACCTCCAAACACCTTTCTTACACGCCTAGATTGTTTTACAAATGATTTACTTCCGATAAGAAGCGAACCAACTGGCGCTCCCAACCCCTTTGATAGACACAAAGAAATAGAGTCAAATTGTGACGCATACACTTTAAAATCAACTCCATTTTCAACCATTGCATTCATTGATCAAGAACGAAAGTAGATCGGAAGAGCACACGTC";"ASV_3824";"Eukaryota";NA;NA;NA;NA;NA;NA;NA
"ATTCCAGCTCTATTAGCATATATTAAAGTTGCTGCAATTAAAACGCTCGTAGTCGAACTTTTAATTTTATATAAAGGTCTAAGATTTTAGTACTTTTATATGGATTATTATATATTACCTTGAATAATTTAGAGTGTTCAAAGCAAGCATACGCTTGAATACATTAGCATGGAATAATGAAAAATGACTTTTTTTATTGGTTATAAAATTAGTAATGATGAATAGGGACAGTTGGGGGCATTTGTATTTAAAAAGTAGAGGTGAAATTCATGAATTTTTTAAAGACAAACTAAAGCGAAAGCATTTGCCAAGGATGTTTTCATTA";"ATTCCAGCTCTATTAGCATATATTAAAGTTGCTGCAATTAAAACGCTCGTAGTCGAACTTTTAATTTTATATAAAGGTCTAAGATTTTAGTACTTTTATATGGATTATTATATATTACCTTGAATAATTTAGAGTGTTCAAAGCAAGCATACGCTTGAATACATTAGCATGGAATAATGAAAAATGACTTTTTTTATTGGTTATAAAATTAGTAATGATGAATAGGGACAGTTGGGGGCATTTGTATTTAAAAAGTAGAGGTGAAATTCATGAATTTTTTAAAGACAAACTAAAGCGAAAGCATTTGCCAAGGATGTTTTCATTA";"ASV_3838";"Eukaryota";NA;NA;NA;NA;NA;NA;NA
"ATTCCAGCTCCAATAGCGTATATTAAAGTTGTTGCAGTTAAAAAGCTCGTAGTTGGATTTTGGACATCGGCCGTGGGTCCGCCGCAAGGTGAGTACTAACGGGTAATGTCTTCCGGCTGAAGGCTGTGTGTGCTCTTTGAGTGTGCGCAGAATTCAGCCAATTTACTTTGAAAAAATTAGAGTGTTCAAAGCAGGCCTTTGGCTTGAATACATTAGCATGGAATAACAGAATAGGACTTTGGTTCTATTTTGTTGGTTTCTAGGACCGAAGTAATGATTAATAGGGATAGTTGGGGGCATTAATATTTAATTGTCAGAGGTGAAATTCTTTGATTTATGAAAGATTAACTTCTGCGAAAGCATTTGCCAAGGATGTTTTCATCG";"ATTCCAGCTCCAATAGCGTATATTAAAGTTGTTGCAGTTAAAAAGCTCGTAGTTGGATTTTGGACATCGGCCGTGGGTCCGCCGCAAGGTGAGTACTAACGGGTAATGTCTTCCGGCTGAAGGCTGTGTGTGCTCTTTGAGTGTGCGCAGAATTCAGCCAATTTACTTTGAAAAAATTAGAGTGTTCAAAGCAGGCCTTTGGCTTGAATACATTAGCATGGAATAACAGAATAGGACTTTGGTTCTATTTTGTTGGTTTCTAGGACCGAAGTAATGATTAATAGGGATAGTTGGGGGCATTAATATTTAATTGTCAGAGGTGAAATTCTTTGATTTATGAAAGATTAACTTCTGCGAAAGCATTTGCCAAGGATGTTTTCATCG";"ASV_3855";"Eukaryota";NA;NA;NA;NA;NA;NA;NA
"ATTCCAGCTCCAGTAGCATATATTCAAGCTGCTGCGGTTAAAAAGTTCGTAGTCCTGGTTTCGCCGCGGGGTGCAGACCTGTCTGATTGGATGGGTCTGCATGCTTTGGCATTTCTTCAGCTTGTTCTTGCGCTTCACTGCGTGGGTTCATGCTGGGAGCTATCACCTCGAGGAAATTAGAGTGCTTCAAGCAGGCTAGTGCTTGCATACATTAGCATGGAATGAAAATAAGAGGCTCAGTGCTCTTGGCTGGCTTTGAGTACTGAGGAGAAGATTGATAGGGTCAGTTGGGGGCATTCGTATTTGACTGTCAGAGGTGAAATTCTTGAATTCGTTAAGGTCGTCCTATTGCGAAAGCATTTGCCAAAGATGTTTTCATTG";"ATTCCAGCTCCAGTAGCATATATTCAAGCTGCTGCGGTTAAAAAGTTCGTAGTCCTGGTTTCGCCGCGGGGTGCAGACCTGTCTGATTGGATGGGTCTGCATGCTTTGGCATTTCTTCAGCTTGTTCTTGCGCTTCACTGCGTGGGTTCATGCTGGGAGCTATCACCTCGAGGAAATTAGAGTGCTTCAAGCAGGCTAGTGCTTGCATACATTAGCATGGAATGAAAATAAGAGGCTCAGTGCTCTTGGCTGGCTTTGAGTACTGAGGAGAAGATTGATAGGGTCAGTTGGGGGCATTCGTATTTGACTGTCAGAGGTGAAATTCTTGAATTCGTTAAGGTCGTCCTATTGCGAAAGCATTTGCCAAAGATGTTTTCATTG";"ASV_3973";"Eukaryota";NA;NA;NA;NA;NA;NA;NA
"GCTCTTCCGATCTCCAGCACCCGCGGTAATTCCAGCTCCAATAGCGTATATTAAAGTTGTAGCGGTTAAAAAGCTCGTAGTTGGATTTCTGCTGAGGAGTAGAGCTGAGGTAATGATTAATAGGGATAGTTGGTGGCATTCGCATTTAACTGTCAGCTTCGCATTTGCCAAGGATGTTTTCATCAATCAAGAACGAAAGTAGATCGGAAGAGCACACGTCTGAACTCCAGTCACGATGTAATCTCGTATGCCG";"GCTCTTCCGATCTCCAGCACCCGCGGTAATTCCAGCTCCAATAGCGTATATTAAAGTTGTAGCGGTTAAAAAGCTCGTAGTTGGATTTCTGCTGAGGAGTAGAGCTGAGGTAATGATTAATAGGGATAGTTGGTGGCATTCGCATTTAACTGTCAGCTTCGCATTTGCCAAGGATGTTTTCATCAATCAAGAACGAAAGTAGATCGGAAGAGCACACGTCTGAACTCCAGTCACGATGTAATCTCGTATGCCG";"ASV_4061";"Eukaryota";NA;NA;NA;NA;NA;NA;NA
"ATTCCTGCCCCCTCAGCTGGAACCCCATCAATCATTACAACACCTCCAACACCTCCATAATCAAATACAGTATTATCTCCATTAAAAATAATAATCACCAGAGCTGTCATTGTACATATTACTACGGTATCGATAAAAGGCTCAAGCAAAGCAACCAATCCTTCCGAAGCTGCATAATTAGTTTTAACAGCTGAGTGAGCTATTGAAGCAGATCCAGCTCCAGCTTCATTGGAAAAGGCTGCTCTTCTAAATCCTGTAATTAAAACACCAAGTAATCCTCCAAGTCCTGCCTGTGGACTAAAGGCCTGACTAAATATCATTCCAAATGCGTCATCG";"ATTCCTGCCCCCTCAGCTGGAACCCCATCAATCATTACAACACCTCCAACACCTCCATAATCAAATACAGTATTATCTCCATTAAAAATAATAATCACCAGAGCTGTCATTGTACATATTACTACGGTATCGATAAAAGGCTCAAGCAAAGCAACCAATCCTTCCGAAGCTGCATAATTAGTTTTAACAGCTGAGTGAGCTATTGAAGCAGATCCAGCTCCAGCTTCATTGGAAAAGGCTGCTCTTCTAAATCCTGTAATTAAAACACCAAGTAATCCTCCAAGTCCTGCCTGTGGACTAAAGGCCTGACTAAATATCATTCCAAATGCGTCATCG";"ASV_4099";"Eukaryota";NA;NA;NA;NA;NA;NA;NA
"ATTCCAGCTCCAATAGCGTATATTGAAGTTGTTGCGGTTAAAAAGCTCGTCGTTGGATTTCTGTTGAGGTCGAACAGTGCCGCCCTATGGGTGAGCTACTGGCTCGGCTTCGGCATCTTCTTGGAGAGCGCATCTGCACTTAACTGTGTGGATCGTACTTCAAGTCAGTTACTTTGAGGAATTGTGAGTGTTTCAAGCAGGCTTACGCCGTTGAATCCGTTAGCATGGAATAATAGAATAGGACCTCGGTTCTATTTTGTTGGTTTTGAGAGCTGGGGCAGCGATTGATAGGGACGGATGGGGGCGTCCGAACTTTACTGTCAGAGGTGAAATTCTTAGATCGGTCAAAGGCGAACTACTGCGAACGCATTCGCCAAGAATGTTTTCATCG";"ATTCCAGCTCCAATAGCGTATATTGAAGTTGTTGCGGTTAAAAAGCTCGTCGTTGGATTTCTGTTGAGGTCGAACAGTGCCGCCCTATGGGTGAGCTACTGGCTCGGCTTCGGCATCTTCTTGGAGAGCGCATCTGCACTTAACTGTGTGGATCGTACTTCAAGTCAGTTACTTTGAGGAATTGTGAGTGTTTCAAGCAGGCTTACGCCGTTGAATCCGTTAGCATGGAATAATAGAATAGGACCTCGGTTCTATTTTGTTGGTTTTGAGAGCTGGGGCAGCGATTGATAGGGACGGATGGGGGCGTCCGAACTTTACTGTCAGAGGTGAAATTCTTAGATCGGTCAAAGGCGAACTACTGCGAACGCATTCGCCAAGAATGTTTTCATCG";"ASV_4121";"Eukaryota";NA;NA;NA;NA;NA;NA;NA
"ATTCCAGCTCCAATAGCGGATGATGATTCTGCTGCAGTTAAAAAGCTCGTAGTTGAACTTTGCTTTAAACGTTGTGAGGGTGTTTCTTTCATTAGATTCACCATCTCCTTCTGTTTTGGCTTTTGAAGTTTTAGTAATATTACTTCCATTTACTGTGAGGAAATCTGAGTGCTCAAAGCATTTATTTGAATGAAAGTTTCAGCATGGAATGATAAGATACGACCTGGTTGATCTTGTTGGTTTTTCGATAAGGTAATGGTTAACAGAAACAGTTGGGGCGATTCGTATTGGAGCGTCAGAGGTGAAATTCTTGGACCGCTTCAAGACGAACAACAGCGAAAGCATTCCGCAAGGATGTTTTCATTA";"ATTCCAGCTCCAATAGCGGATGATGATTCTGCTGCAGTTAAAAAGCTCGTAGTTGAACTTTGCTTTAAACGTTGTGAGGGTGTTTCTTTCATTAGATTCACCATCTCCTTCTGTTTTGGCTTTTGAAGTTTTAGTAATATTACTTCCATTTACTGTGAGGAAATCTGAGTGCTCAAAGCATTTATTTGAATGAAAGTTTCAGCATGGAATGATAAGATACGACCTGGTTGATCTTGTTGGTTTTTCGATAAGGTAATGGTTAACAGAAACAGTTGGGGCGATTCGTATTGGAGCGTCAGAGGTGAAATTCTTGGACCGCTTCAAGACGAACAACAGCGAAAGCATTCCGCAAGGATGTTTTCATTA";"ASV_4139";"Eukaryota";NA;NA;NA;NA;NA;NA;NA
"ATTCCAGCTCCAATAGCGTATATTGAAGTTGTTGCGGTTAAAAAGCTCGTCGTTGGATTTCTGTTGAGGTCGAACAGTGCCGCCCTATGGGTGAGCTACTGGCTCGGCTTCGGCATCTTCTTGGAGAGCGCATCTGCACTTAACTGTGTGGATCGTACTTCAAGTCAGTTACTTTGAGGAATTGTGAGTGTTTCAAGCAGGCTTACGCCGTTGAATCCGTTAGCATGGAATAATAGAATAGGACCTCGGTTCTATTTTGTTGGTTTTGAGAGCTGGGGCAGCGATTGATAGGGACGGATGGGGGCGTCCGAACTTTACTGTCAGAGGTGAAATTCTTAGATCGGTCAAAGGCGAACTACTGCGAACGCATTCGCCAAGAATGTTTTCATCA";"ATTCCAGCTCCAATAGCGTATATTGAAGTTGTTGCGGTTAAAAAGCTCGTCGTTGGATTTCTGTTGAGGTCGAACAGTGCCGCCCTATGGGTGAGCTACTGGCTCGGCTTCGGCATCTTCTTGGAGAGCGCATCTGCACTTAACTGTGTGGATCGTACTTCAAGTCAGTTACTTTGAGGAATTGTGAGTGTTTCAAGCAGGCTTACGCCGTTGAATCCGTTAGCATGGAATAATAGAATAGGACCTCGGTTCTATTTTGTTGGTTTTGAGAGCTGGGGCAGCGATTGATAGGGACGGATGGGGGCGTCCGAACTTTACTGTCAGAGGTGAAATTCTTAGATCGGTCAAAGGCGAACTACTGCGAACGCATTCGCCAAGAATGTTTTCATCA";"ASV_4166";"Eukaryota";NA;NA;NA;NA;NA;NA;NA
"ATTCCAGCTCCAATAGCGTATATTAAAATTGTTGCGGTTAAAAAGCTCGTAGTCTAAATTTGATTGACTGTGTGCGTGGAGGCAATTTTGCTTCCGTGTCATAACATTCAATTTATCTTCGAATGAAGATAATATTACTTTGAGGAAATTAGAGTGTTTAAAGCAAGCTCATGTTTTGAATAACGTAGCATGGAATAATGGTATAAGACTCTAGTCTTATTTCATTGGTTTAAGAGACTGGAGTAATGATTAATGGGAACAGTCGGGGGCATTCGTATTTAACTGTCAGAGGTGGAATTCTTGGATTTGTTAAAGACGAACAACTGCGAAAGCATTTGCCAAGAATGTCTTCATCA";"ATTCCAGCTCCAATAGCGTATATTAAAATTGTTGCGGTTAAAAAGCTCGTAGTCTAAATTTGATTGACTGTGTGCGTGGAGGCAATTTTGCTTCCGTGTCATAACATTCAATTTATCTTCGAATGAAGATAATATTACTTTGAGGAAATTAGAGTGTTTAAAGCAAGCTCATGTTTTGAATAACGTAGCATGGAATAATGGTATAAGACTCTAGTCTTATTTCATTGGTTTAAGAGACTGGAGTAATGATTAATGGGAACAGTCGGGGGCATTCGTATTTAACTGTCAGAGGTGGAATTCTTGGATTTGTTAAAGACGAACAACTGCGAAAGCATTTGCCAAGAATGTCTTCATCA";"ASV_4189";"Eukaryota";NA;NA;NA;NA;NA;NA;NA
"ATTCCAGCTCCAATAGCGTATACTAATGTTGTTGCGGTTAAAACGCTCGTAGTCGCAATTCAGATTGGCTGCCTAGCGCAAATCAATCAAGGCCAGAGCTCCAGAGCTCGTTAGCCCGTTACCTCGAATAAATCAAAGTGTTCAAAGCAGGAAATATCCTTGACTACACTAGCATGGAATAACATTATACGACTCCTCGTCTTTTGTTGGTCATGTTGAAGAGTAATGATGAATAGGAACAACCGGTGACATCCGTATCTGGAAGCCAGAGGTGAAATTCGTAGACCTTCCAAAGACGAACAAAGGCGAAAGCATTTGTCAAGAGTGTCTTCATCA";"ATTCCAGCTCCAATAGCGTATACTAATGTTGTTGCGGTTAAAACGCTCGTAGTCGCAATTCAGATTGGCTGCCTAGCGCAAATCAATCAAGGCCAGAGCTCCAGAGCTCGTTAGCCCGTTACCTCGAATAAATCAAAGTGTTCAAAGCAGGAAATATCCTTGACTACACTAGCATGGAATAACATTATACGACTCCTCGTCTTTTGTTGGTCATGTTGAAGAGTAATGATGAATAGGAACAACCGGTGACATCCGTATCTGGAAGCCAGAGGTGAAATTCGTAGACCTTCCAAAGACGAACAAAGGCGAAAGCATTTGTCAAGAGTGTCTTCATCA";"ASV_4192";"Eukaryota";NA;NA;NA;NA;NA;NA;NA
"ATTCCAGCTCCAATAGCGTATATTAATGTTGTTGCAGTTAAAAAGCTCGTAGTTGAAATTAAGAAAAAGGTCTGTTAAAGACTGCATTTCAGTACATAGACAAGTTTGGTAAATTAACTTTTATCAAATGCGAATATGTGTTTTACTGTGAACAAATTAGGGTGTTCAAAGCAAGCTATAGTTCGAATAAACTAGCATGGAATAATAAGATATGATTTTGGTTGTATTTTGTTGGTGACTTCTAGAATAATGATTGACAGAAACAGTTGTGGGTATTCGTATGAACATGTCAGAGGTGAAATTCTTGGATTTTGATCAGACGAACGACTGCGAAAGCATTTACCAAGGATGTTTTCATCG";"ATTCCAGCTCCAATAGCGTATATTAATGTTGTTGCAGTTAAAAAGCTCGTAGTTGAAATTAAGAAAAAGGTCTGTTAAAGACTGCATTTCAGTACATAGACAAGTTTGGTAAATTAACTTTTATCAAATGCGAATATGTGTTTTACTGTGAACAAATTAGGGTGTTCAAAGCAAGCTATAGTTCGAATAAACTAGCATGGAATAATAAGATATGATTTTGGTTGTATTTTGTTGGTGACTTCTAGAATAATGATTGACAGAAACAGTTGTGGGTATTCGTATGAACATGTCAGAGGTGAAATTCTTGGATTTTGATCAGACGAACGACTGCGAAAGCATTTACCAAGGATGTTTTCATCG";"ASV_4208";"Eukaryota";NA;NA;NA;NA;NA;NA;NA
